mean_fit_time,std_fit_time,mean_score_time,std_score_time,param_clf__bootstrap,param_clf__max_depth,param_clf__min_samples_leaf,param_clf__min_samples_split,param_clf__n_estimators,params,split0_test_score,split1_test_score,split2_test_score,split3_test_score,split4_test_score,mean_test_score,std_test_score,rank_test_score
0.5109388351440429,0.027010967764174776,0.022820758819580077,0.004272893843261619,True,,1,2,200,"{'clf__bootstrap': True, 'clf__max_depth': None, 'clf__min_samples_leaf': 1, 'clf__min_samples_split': 2, 'clf__n_estimators': 200}",0.9298647466451053,0.8871722427525437,0.9150808073299367,0.9190240582080789,0.8860897009356014,0.9074463111742531,0.017675172746793807,41
0.877396821975708,0.04142371969838583,0.03635811805725098,0.007319171362787012,True,,1,2,400,"{'clf__bootstrap': True, 'clf__max_depth': None, 'clf__min_samples_leaf': 1, 'clf__min_samples_split': 2, 'clf__n_estimators': 400}",0.9264829349025053,0.8940585399780766,0.9148197369898495,0.9115190716650813,0.9068199408935174,0.9107400448858061,0.010570990282480366,25
1.6073903560638427,0.046647361162543775,0.06406750679016113,0.007157671455291232,True,,1,2,800,"{'clf__bootstrap': True, 'clf__max_depth': None, 'clf__min_samples_leaf': 1, 'clf__min_samples_split': 2, 'clf__n_estimators': 800}",0.929774792584064,0.9010817632885814,0.9081080946434799,0.905427047318361,0.9072503603377843,0.9103284116344541,0.010020876380377058,28
0.412768030166626,0.024539848529349807,0.020532798767089844,0.0037372119176520236,True,,1,5,200,"{'clf__bootstrap': True, 'clf__max_depth': None, 'clf__min_samples_leaf': 1, 'clf__min_samples_split': 5, 'clf__n_estimators': 200}",0.9232411736613688,0.882725234331789,0.9119948936127936,0.9113450706689682,0.9000722552014829,0.9058757254952805,0.013700673367760586,55
0.7683349132537842,0.014891035584390512,0.03363051414489746,0.004094950020910456,True,,1,5,400,"{'clf__bootstrap': True, 'clf__max_depth': None, 'clf__min_samples_leaf': 1, 'clf__min_samples_split': 5, 'clf__n_estimators': 400}",0.940458373549333,0.893705047819779,0.9081365429502162,0.9160660419563982,0.9035954996542372,0.9123923011859928,0.015785496019295284,16
1.4561082363128661,0.15098936380574288,0.06252927780151367,0.0058047052225733715,True,,1,5,800,"{'clf__bootstrap': True, 'clf__max_depth': None, 'clf__min_samples_leaf': 1, 'clf__min_samples_split': 5, 'clf__n_estimators': 800}",0.9342527588016171,0.8908892239680289,0.9045667578098671,0.9023335818057917,0.9030562767074028,0.9070197198185415,0.014460408721906083,43
0.3882580280303955,0.018986657394813082,0.021794843673706054,0.004244056665587729,True,,1,10,200,"{'clf__bootstrap': True, 'clf__max_depth': None, 'clf__min_samples_leaf': 1, 'clf__min_samples_split': 10, 'clf__n_estimators': 200}",0.9263480087677206,0.8830775256534776,0.9084208380462847,0.9079249959307246,0.8782138710350473,0.9007970478866509,0.01780877742320243,106
0.7141749382019043,0.021714064834222845,0.02907700538635254,0.004552934099403158,True,,1,10,400,"{'clf__bootstrap': True, 'clf__max_depth': None, 'clf__min_samples_leaf': 1, 'clf__min_samples_split': 10, 'clf__n_estimators': 400}",0.9229410214083832,0.8947857471029197,0.9010959473568779,0.9048730036014728,0.8854627615118524,0.9018316961963013,0.012433679337405948,92
1.3916614055633545,0.02649383353342866,0.05314459800720215,0.001077236939574538,True,,1,10,800,"{'clf__bootstrap': True, 'clf__max_depth': None, 'clf__min_samples_leaf': 1, 'clf__min_samples_split': 10, 'clf__n_estimators': 800}",0.9229410214083832,0.8982097086224609,0.8972842248656836,0.9012835289284347,0.8826942018756604,0.9004825371401244,0.012937116570774844,112
0.36345109939575193,0.013162940366498786,0.023187732696533202,0.0035171267285986634,True,,2,2,200,"{'clf__bootstrap': True, 'clf__max_depth': None, 'clf__min_samples_leaf': 2, 'clf__min_samples_split': 2, 'clf__n_estimators': 200}",0.9302593101612711,0.8864429458956486,0.9005250427747136,0.9023455394814208,0.8902153628655542,0.9019576402357217,0.015373835827071183,90
0.7144147872924804,0.008655614105034272,0.031779813766479495,0.002782505836502024,True,,2,2,400,"{'clf__bootstrap': True, 'clf__max_depth': None, 'clf__min_samples_leaf': 2, 'clf__min_samples_split': 2, 'clf__n_estimators': 400}",0.9338044344182358,0.88999176383338,0.9045667578098671,0.909557612919173,0.8931580575586079,0.9062157253078528,0.015548271865183528,47
1.390773391723633,0.073141875098575,0.05643420219421387,0.0019341911998129197,True,,2,2,800,"{'clf__bootstrap': True, 'clf__max_depth': None, 'clf__min_samples_leaf': 2, 'clf__min_samples_split': 2, 'clf__n_estimators': 800}",0.9303090358670042,0.8979220218557359,0.904381002522071,0.9063719892856212,0.9033093401489308,0.9084586779358725,0.011277913362116981,37
0.37798104286193845,0.02921958168503625,0.027331113815307617,0.010574476359803995,True,,2,5,200,"{'clf__bootstrap': True, 'clf__max_depth': None, 'clf__min_samples_leaf': 2, 'clf__min_samples_split': 5, 'clf__n_estimators': 200}",0.9223564626699245,0.8936378011952086,0.9053101718213828,0.905384778360969,0.8807058889808174,0.9014790206056607,0.013847801051239074,101
0.695494270324707,0.03402384110216775,0.032021617889404295,0.002554998397453383,True,,2,5,400,"{'clf__bootstrap': True, 'clf__max_depth': None, 'clf__min_samples_leaf': 2, 'clf__min_samples_split': 5, 'clf__n_estimators': 400}",0.9231910402414449,0.8943234456079159,0.9046285285262075,0.9090890240803684,0.8865499963426231,0.903556406959712,0.012583669563096884,77
1.397132968902588,0.07003761038464087,0.049913883209228516,0.0038269790081200674,True,,2,5,800,"{'clf__bootstrap': True, 'clf__max_depth': None, 'clf__min_samples_leaf': 2, 'clf__min_samples_split': 5, 'clf__n_estimators': 800}",0.9304221517447374,0.8982562202807938,0.9006050747875187,0.9021793457187358,0.8936085112407357,0.9050142607545043,0.013029204286818133,60
0.36116690635681153,0.03857058726374884,0.020099687576293945,0.004292829899230262,True,,2,10,200,"{'clf__bootstrap': True, 'clf__max_depth': None, 'clf__min_samples_leaf': 2, 'clf__min_samples_split': 10, 'clf__n_estimators': 200}",0.9302593101612711,0.8935822838620542,0.9013921546352639,0.9017860511459727,0.8862810214708421,0.9026601642550809,0.014931637603767495,85
0.7192557334899903,0.026770021890770292,0.03417043685913086,0.004317240884926137,True,,2,10,400,"{'clf__bootstrap': True, 'clf__max_depth': None, 'clf__min_samples_leaf': 2, 'clf__min_samples_split': 10, 'clf__n_estimators': 400}",0.9264292896645838,0.889741137266964,0.9008411163599508,0.9050928795533222,0.8795163814460686,0.9003241608581778,0.015807907789321556,115
1.3406067848205567,0.04996046821570455,0.05504388809204101,0.006769918857023176,True,,2,10,800,"{'clf__bootstrap': True, 'clf__max_depth': None, 'clf__min_samples_leaf': 2, 'clf__min_samples_split': 10, 'clf__n_estimators': 800}",0.9262830908341745,0.8898298472148808,0.8970707875093892,0.8989219448154797,0.8762116761219815,0.8976634692991811,0.016386353069626672,131
0.368532133102417,0.013146277922272727,0.023658227920532227,0.005726044105178841,True,,4,2,200,"{'clf__bootstrap': True, 'clf__max_depth': None, 'clf__min_samples_leaf': 4, 'clf__min_samples_split': 2, 'clf__n_estimators': 200}",0.9227365019217318,0.8771306715943801,0.9008411163599508,0.8988635110159283,0.8595383254824605,0.8918220252748903,0.021655043463560848,157
0.7369663715362549,0.06407843688599639,0.04035820960998535,0.013179811583028911,True,,4,2,400,"{'clf__bootstrap': True, 'clf__max_depth': None, 'clf__min_samples_leaf': 4, 'clf__min_samples_split': 2, 'clf__n_estimators': 400}",0.9227365019217318,0.8820756348819823,0.9007846435543784,0.8918229537524647,0.8759784135898349,0.8946796295400785,0.016378132005022337,152
1.7861880302429198,0.02966034740637535,0.05898175239562988,0.008763925862497487,True,,4,2,800,"{'clf__bootstrap': True, 'clf__max_depth': None, 'clf__min_samples_leaf': 4, 'clf__min_samples_split': 2, 'clf__n_estimators': 800}",0.922886601034176,0.88223397130768,0.9007294437839436,0.8927129596832675,0.8794469639707735,0.8956019879559681,0.01561266196090171,147
0.5457056522369385,0.09942334675525566,0.024458980560302733,0.008677067395340611,True,,4,5,200,"{'clf__bootstrap': True, 'clf__max_depth': None, 'clf__min_samples_leaf': 4, 'clf__min_samples_split': 5, 'clf__n_estimators': 200}",0.9227365019217318,0.8771306715943801,0.9008411163599508,0.8988635110159283,0.8595383254824605,0.8918220252748903,0.021655043463560848,157
0.6957728385925293,0.011596498410908358,0.02908473014831543,0.004700522340458963,True,,4,5,400,"{'clf__bootstrap': True, 'clf__max_depth': None, 'clf__min_samples_leaf': 4, 'clf__min_samples_split': 5, 'clf__n_estimators': 400}",0.9227365019217318,0.8820756348819823,0.9007846435543784,0.8918229537524647,0.8759784135898349,0.8946796295400785,0.016378132005022337,152
1.3450393676757812,0.050345119649628164,0.05305447578430176,0.002285094771813665,True,,4,5,800,"{'clf__bootstrap': True, 'clf__max_depth': None, 'clf__min_samples_leaf': 4, 'clf__min_samples_split': 5, 'clf__n_estimators': 800}",0.922886601034176,0.88223397130768,0.9007294437839436,0.8927129596832675,0.8794469639707735,0.8956019879559681,0.01561266196090171,147
0.36750221252441406,0.03287553362922771,0.021143388748168946,0.003111967844182792,True,,4,10,200,"{'clf__bootstrap': True, 'clf__max_depth': None, 'clf__min_samples_leaf': 4, 'clf__min_samples_split': 10, 'clf__n_estimators': 200}",0.9224491388656456,0.8898298472148808,0.8970143147038167,0.8882490091380231,0.8857405647127742,0.8966565749270281,0.013430078071444805,140
0.6825467586517334,0.04418652397252437,0.032767200469970705,0.004547165265485423,True,,4,10,400,"{'clf__bootstrap': True, 'clf__max_depth': None, 'clf__min_samples_leaf': 4, 'clf__min_samples_split': 10, 'clf__n_estimators': 400}",0.9262830908341745,0.8937323709971794,0.8939292780796958,0.8957671362105767,0.882165791881829,0.898375533600691,0.014762922213422089,123
1.3251143932342528,0.02582211695142541,0.0544990062713623,0.0046302661154648695,True,,4,10,800,"{'clf__bootstrap': True, 'clf__max_depth': None, 'clf__min_samples_leaf': 4, 'clf__min_samples_split': 10, 'clf__n_estimators': 800}",0.922932169500797,0.8854299179396562,0.8970143147038167,0.8994100700469833,0.8855069962257203,0.8980586936833947,0.013701370957846357,127
0.3827653884887695,0.009776581480387488,0.021428632736206054,0.001033465481410613,True,10,1,2,200,"{'clf__bootstrap': True, 'clf__max_depth': 10, 'clf__min_samples_leaf': 1, 'clf__min_samples_split': 2, 'clf__n_estimators': 200}",0.9266496611734707,0.8863167137650177,0.907978340134206,0.9141030097686327,0.8860737234515634,0.9042242896585782,0.01590411029631121,69
0.7414855003356934,0.033654021199311476,0.030628681182861328,0.006050589447447755,True,10,1,2,400,"{'clf__bootstrap': True, 'clf__max_depth': 10, 'clf__min_samples_leaf': 1, 'clf__min_samples_split': 2, 'clf__n_estimators': 400}",0.9268772534629969,0.893335716728256,0.9082072346221378,0.9144306310972976,0.9000074397473751,0.9085716551316126,0.011619250717001229,36
1.463589572906494,0.029096587912206245,0.05561885833740234,0.009797233777430291,True,10,1,2,800,"{'clf__bootstrap': True, 'clf__max_depth': 10, 'clf__min_samples_leaf': 1, 'clf__min_samples_split': 2, 'clf__n_estimators': 800}",0.9303943958125144,0.88999176383338,0.9082072346221378,0.9146767880380239,0.8964527616735168,0.9079445887959146,0.01416863676783723,39
0.37363290786743164,0.010532261737652959,0.018830490112304688,0.002648955647781152,True,10,1,5,200,"{'clf__bootstrap': True, 'clf__max_depth': 10, 'clf__min_samples_leaf': 1, 'clf__min_samples_split': 5, 'clf__n_estimators': 200}",0.9268772534629969,0.8904341742907448,0.9017410534449779,0.9148409766472163,0.8930865332276426,0.9053959982147157,0.013706857183920236,58
0.7243707180023193,0.022550942888772515,0.030501890182495116,0.0031604373366266787,True,10,1,5,400,"{'clf__bootstrap': True, 'clf__max_depth': 10, 'clf__min_samples_leaf': 1, 'clf__min_samples_split': 5, 'clf__n_estimators': 400}",0.9266740065759674,0.8868326786327048,0.9055190943417019,0.90485018555194,0.8998370666798212,0.9047426063564272,0.012856365373245656,64
1.4294203758239745,0.06591397196089674,0.06356577873229981,0.019001445122738346,True,10,1,5,800,"{'clf__bootstrap': True, 'clf__max_depth': 10, 'clf__min_samples_leaf': 1, 'clf__min_samples_split': 5, 'clf__n_estimators': 800}",0.9266009432117649,0.8862929099752866,0.9082544824369263,0.8987641583972821,0.8964527616735168,0.9032730511389554,0.013595417333965564,81
0.35820231437683103,0.013246105235140812,0.019966554641723634,0.0034379455725414474,True,10,1,10,200,"{'clf__bootstrap': True, 'clf__max_depth': 10, 'clf__min_samples_leaf': 1, 'clf__min_samples_split': 10, 'clf__n_estimators': 200}",0.9308678426325485,0.8865673403314339,0.9084806521347203,0.9047679833899762,0.875184904466621,0.9011737445910599,0.01916671993483517,104
0.6788661479949951,0.022691729257735296,0.027846479415893556,0.002793458240112626,True,10,1,10,400,"{'clf__bootstrap': True, 'clf__max_depth': 10, 'clf__min_samples_leaf': 1, 'clf__min_samples_split': 10, 'clf__n_estimators': 400}",0.9267640683496057,0.8833188070644524,0.9010545537162452,0.9048733091411828,0.8825638600513782,0.8997149196645727,0.016266846038620993,120
1.3387360095977783,0.07493725526944726,0.04847898483276367,0.00867066844328493,True,10,1,10,800,"{'clf__bootstrap': True, 'clf__max_depth': 10, 'clf__min_samples_leaf': 1, 'clf__min_samples_split': 10, 'clf__n_estimators': 800}",0.9191948574301516,0.8905725711892629,0.8977579403076705,0.8982720731390198,0.8829019718137336,0.8977398827759677,0.012100689626403522,130
0.36779446601867677,0.00967159827708389,0.020220518112182617,0.00047946769398598,True,10,2,2,200,"{'clf__bootstrap': True, 'clf__max_depth': 10, 'clf__min_samples_leaf': 2, 'clf__min_samples_split': 2, 'clf__n_estimators': 200}",0.9233217275578672,0.8974597203607321,0.9007846435543784,0.905711596517859,0.8729862480611305,0.9000527872103936,0.01620692974370027,118
0.7094355583190918,0.0221443081541764,0.02896256446838379,0.0018574624064546204,True,10,2,2,400,"{'clf__bootstrap': True, 'clf__max_depth': 10, 'clf__min_samples_leaf': 2, 'clf__min_samples_split': 2, 'clf__n_estimators': 400}",0.9190927503105006,0.8972166915546705,0.9006602745579535,0.8991623541037788,0.8861989741984553,0.9004662089450717,0.01060942121638009,114
1.3611680030822755,0.08914418899235811,0.05953369140625,0.023182002997397214,True,10,2,2,800,"{'clf__bootstrap': True, 'clf__max_depth': 10, 'clf__min_samples_leaf': 2, 'clf__min_samples_split': 2, 'clf__n_estimators': 800}",0.9195048969999259,0.90139249503361,0.904381002522071,0.8922586374963073,0.8864882983033002,0.9008050660710427,0.011321018962577489,105
0.35701236724853513,0.023553748721276822,0.021142339706420897,0.0023618302270334885,True,10,2,5,200,"{'clf__bootstrap': True, 'clf__max_depth': 10, 'clf__min_samples_leaf': 2, 'clf__min_samples_split': 5, 'clf__n_estimators': 200}",0.930466312691154,0.8790916606536227,0.9082148648341191,0.8954611613689725,0.8864394548207691,0.8999346908737275,0.018095894466579342,119
0.6647759914398194,0.03385563246530237,0.029497814178466798,0.005190591427272143,True,10,2,5,400,"{'clf__bootstrap': True, 'clf__max_depth': 10, 'clf__min_samples_leaf': 2, 'clf__min_samples_split': 5, 'clf__n_estimators': 400}",0.9267645894595935,0.8792560766075124,0.9045733287557727,0.892602917062282,0.8825885780666524,0.8971570979903627,0.017233879035834575,136
1.3865636825561523,0.027717925662567876,0.04921121597290039,0.003958859214246756,True,10,2,5,800,"{'clf__bootstrap': True, 'clf__max_depth': 10, 'clf__min_samples_leaf': 2, 'clf__min_samples_split': 5, 'clf__n_estimators': 800}",0.9190638702738481,0.8898728581829406,0.9043574433148382,0.8883973235145113,0.8792035131339759,0.8961790016840228,0.013993522004020945,144
0.3425163269042969,0.01094377334536783,0.017158651351928712,0.002936638029872926,True,10,2,10,200,"{'clf__bootstrap': True, 'clf__max_depth': 10, 'clf__min_samples_leaf': 2, 'clf__min_samples_split': 10, 'clf__n_estimators': 200}",0.9340892263422286,0.8798395861453889,0.9007343572697424,0.8921383227264564,0.8795830192455932,0.8972769023458819,0.020053127878265565,135
0.6903845787048339,0.016354460376016223,0.03374037742614746,0.007659189726087764,True,10,2,10,400,"{'clf__bootstrap': True, 'clf__max_depth': 10, 'clf__min_samples_leaf': 2, 'clf__min_samples_split': 10, 'clf__n_estimators': 400}",0.9191948574301516,0.8864349378620842,0.8972816015501042,0.8918676808127471,0.8827112639400116,0.8954980683190197,0.012833870953971718,151
1.3098801612854003,0.0575370665078424,0.04676814079284668,0.0063753114613294085,True,10,2,10,800,"{'clf__bootstrap': True, 'clf__max_depth': 10, 'clf__min_samples_leaf': 2, 'clf__min_samples_split': 10, 'clf__n_estimators': 800}",0.9228439860792802,0.8938915978710585,0.8936694269651715,0.8921782165854678,0.8826460239951679,0.897045850299229,0.013549481231366903,137
0.35848069190979004,0.012451550363307024,0.023044490814208986,0.002815177149840397,True,10,4,2,200,"{'clf__bootstrap': True, 'clf__max_depth': 10, 'clf__min_samples_leaf': 4, 'clf__min_samples_split': 2, 'clf__n_estimators': 200}",0.9227365019217318,0.8740993810038317,0.9007846435543784,0.8922841675258001,0.8683345235523553,0.8916478435116195,0.019503077341400728,161
0.6600713729858398,0.039053696504109024,0.034911298751831056,0.00667264133127438,True,10,4,2,400,"{'clf__bootstrap': True, 'clf__max_depth': 10, 'clf__min_samples_leaf': 4, 'clf__min_samples_split': 2, 'clf__n_estimators': 400}",0.9262830908341745,0.8891640174161409,0.9007846435543784,0.8846781160185244,0.8861471512666378,0.8974114038179712,0.01550478921924277,133
1.3189876556396485,0.018572566293687774,0.05150418281555176,0.003315326571013126,True,10,4,2,800,"{'clf__bootstrap': True, 'clf__max_depth': 10, 'clf__min_samples_leaf': 4, 'clf__min_samples_split': 2, 'clf__n_estimators': 800}",0.919136842021259,0.8932675349692148,0.9007846435543784,0.8885316396727545,0.8829110736723911,0.8969263467779995,0.012557694409605708,138
0.33042473793029786,0.008740246700447249,0.02159600257873535,0.0011163936908773352,True,10,4,5,200,"{'clf__bootstrap': True, 'clf__max_depth': 10, 'clf__min_samples_leaf': 4, 'clf__min_samples_split': 5, 'clf__n_estimators': 200}",0.9227365019217318,0.8740993810038317,0.9007846435543784,0.8922841675258001,0.8683345235523553,0.8916478435116195,0.019503077341400728,161
0.6526227951049804,0.014750267990876963,0.029819440841674805,0.0022669706169521488,True,10,4,5,400,"{'clf__bootstrap': True, 'clf__max_depth': 10, 'clf__min_samples_leaf': 4, 'clf__min_samples_split': 5, 'clf__n_estimators': 400}",0.9262830908341745,0.8891640174161409,0.9007846435543784,0.8846781160185244,0.8861471512666378,0.8974114038179712,0.01550478921924277,133
1.2939610481262207,0.038361823423282794,0.04772477149963379,0.0021996625529428133,True,10,4,5,800,"{'clf__bootstrap': True, 'clf__max_depth': 10, 'clf__min_samples_leaf': 4, 'clf__min_samples_split': 5, 'clf__n_estimators': 800}",0.919136842021259,0.8932675349692148,0.9007846435543784,0.8885316396727545,0.8829110736723911,0.8969263467779995,0.012557694409605708,138
0.35898923873901367,0.03540911981634993,0.02579188346862793,0.0077600542810696855,True,10,4,10,200,"{'clf__bootstrap': True, 'clf__max_depth': 10, 'clf__min_samples_leaf': 4, 'clf__min_samples_split': 10, 'clf__n_estimators': 200}",0.9200088820895317,0.8817886841818565,0.894343462118692,0.8885668941550279,0.8790583384570929,0.8927532522004402,0.014633496753623193,156
0.6701802253723145,0.007876519924946432,0.027990245819091798,0.004636923317189017,True,10,4,10,400,"{'clf__bootstrap': True, 'clf__max_depth': 10, 'clf__min_samples_leaf': 4, 'clf__min_samples_split': 10, 'clf__n_estimators': 400}",0.9190927503105006,0.8894161444408958,0.8977448226629097,0.8960542001970985,0.8794353884721274,0.8963486612167063,0.01306482412098836,143
1.2919692039489745,0.04507923024147953,0.046300411224365234,0.0025403139052748037,True,10,4,10,800,"{'clf__bootstrap': True, 'clf__max_depth': 10, 'clf__min_samples_leaf': 4, 'clf__min_samples_split': 10, 'clf__n_estimators': 800}",0.922629746990957,0.8858121002505758,0.8970143147038167,0.8958010095659636,0.8895433027011974,0.898160094842502,0.012902434258567354,125
0.40068397521972654,0.02135631935034072,0.02300539016723633,0.004442874387887185,True,20,1,2,200,"{'clf__bootstrap': True, 'clf__max_depth': 20, 'clf__min_samples_leaf': 1, 'clf__min_samples_split': 2, 'clf__n_estimators': 200}",0.9298647466451053,0.8903821763371946,0.9150808073299367,0.9155376688003988,0.8860897009356014,0.9073910200096474,0.0165747763894701,42
0.7481182098388672,0.03895425668457992,0.03145675659179688,0.0033965414847325383,True,20,1,2,400,"{'clf__bootstrap': True, 'clf__max_depth': 20, 'clf__min_samples_leaf': 1, 'clf__min_samples_split': 2, 'clf__n_estimators': 400}",0.9264829349025053,0.8940585399780766,0.9148197369898495,0.9115144304323699,0.9068199408935174,0.9107391166392638,0.01057092203835751,26
1.5114696025848389,0.02389424103401675,0.05237264633178711,0.0032523098751970235,True,20,1,2,800,"{'clf__bootstrap': True, 'clf__max_depth': 20, 'clf__min_samples_leaf': 1, 'clf__min_samples_split': 2, 'clf__n_estimators': 800}",0.929774792584064,0.8980287688675519,0.9081080946434799,0.905427047318361,0.9036483413993454,0.9089974089625604,0.010901024004315255,30
0.37848997116088867,0.010559388127241758,0.023775100708007812,0.002562711535375153,True,20,1,5,200,"{'clf__bootstrap': True, 'clf__max_depth': 20, 'clf__min_samples_leaf': 1, 'clf__min_samples_split': 5, 'clf__n_estimators': 200}",0.9232411736613688,0.882725234331789,0.9083692271299844,0.9113450706689682,0.9000722552014829,0.9051505921987186,0.013451293574324289,59
0.7568203926086425,0.03789707560591444,0.036260986328125,0.004755737247840558,True,20,1,5,400,"{'clf__bootstrap': True, 'clf__max_depth': 20, 'clf__min_samples_leaf': 1, 'clf__min_samples_split': 5, 'clf__n_estimators': 400}",0.940458373549333,0.893705047819779,0.9081365429502162,0.9160660419563982,0.9035954996542372,0.9123923011859928,0.015785496019295284,16
1.429813814163208,0.0403691420063648,0.05718441009521484,0.00798388028669549,True,20,1,5,800,"{'clf__bootstrap': True, 'clf__max_depth': 20, 'clf__min_samples_leaf': 1, 'clf__min_samples_split': 5, 'clf__n_estimators': 800}",0.9342527588016171,0.8908892239680289,0.9045667578098671,0.9023335818057917,0.8997856657239215,0.9063655976218452,0.014696941043159219,46
0.36546664237976073,0.012876182879043244,0.023592472076416016,0.004932845036254045,True,20,1,10,200,"{'clf__bootstrap': True, 'clf__max_depth': 20, 'clf__min_samples_leaf': 1, 'clf__min_samples_split': 10, 'clf__n_estimators': 200}",0.9231910402414449,0.8830775256534776,0.9084208380462847,0.9079249959307246,0.8782138710350473,0.9001656541813958,0.01692577187682301,117
0.6951232433319092,0.018995009941939204,0.032879638671875,0.0044279170924613675,True,20,1,10,400,"{'clf__bootstrap': True, 'clf__max_depth': 20, 'clf__min_samples_leaf': 1, 'clf__min_samples_split': 10, 'clf__n_estimators': 400}",0.9229410214083832,0.8947857471029197,0.9010959473568779,0.9048730036014728,0.8854627615118524,0.9018316961963013,0.012433679337405948,92
1.3635230541229248,0.04112669879530063,0.060949182510375975,0.004381830405774172,True,20,1,10,800,"{'clf__bootstrap': True, 'clf__max_depth': 20, 'clf__min_samples_leaf': 1, 'clf__min_samples_split': 10, 'clf__n_estimators': 800}",0.9229410214083832,0.8982097086224609,0.8972842248656836,0.9012835289284347,0.8826942018756604,0.9004825371401244,0.012937116570774844,112
0.37880692481994627,0.032439064221633715,0.02684807777404785,0.011678670260801851,True,20,2,2,200,"{'clf__bootstrap': True, 'clf__max_depth': 20, 'clf__min_samples_leaf': 2, 'clf__min_samples_split': 2, 'clf__n_estimators': 200}",0.9302593101612711,0.8864429458956486,0.9005250427747136,0.9023455394814208,0.8902153628655542,0.9019576402357217,0.015373835827071183,90
0.7113156795501709,0.019416001289615396,0.03356800079345703,0.005716932906374196,True,20,2,2,400,"{'clf__bootstrap': True, 'clf__max_depth': 20, 'clf__min_samples_leaf': 2, 'clf__min_samples_split': 2, 'clf__n_estimators': 400}",0.9338044344182358,0.88999176383338,0.9045667578098671,0.909557612919173,0.8931580575586079,0.9062157253078528,0.015548271865183528,47
1.4541097640991212,0.03619343692420495,0.06078977584838867,0.010915907731980293,True,20,2,2,800,"{'clf__bootstrap': True, 'clf__max_depth': 20, 'clf__min_samples_leaf': 2, 'clf__min_samples_split': 2, 'clf__n_estimators': 800}",0.9303090358670042,0.8979220218557359,0.904381002522071,0.9063719892856212,0.9033093401489308,0.9084586779358725,0.011277913362116981,37
0.39308342933654783,0.02326826492773791,0.019742965698242188,0.0028763507531497094,True,20,2,5,200,"{'clf__bootstrap': True, 'clf__max_depth': 20, 'clf__min_samples_leaf': 2, 'clf__min_samples_split': 5, 'clf__n_estimators': 200}",0.9223564626699245,0.8936378011952086,0.9053101718213828,0.905384778360969,0.8807058889808174,0.9014790206056607,0.013847801051239074,101
0.7338372707366944,0.020276488990734493,0.033417463302612305,0.003802630914998801,True,20,2,5,400,"{'clf__bootstrap': True, 'clf__max_depth': 20, 'clf__min_samples_leaf': 2, 'clf__min_samples_split': 5, 'clf__n_estimators': 400}",0.9231910402414449,0.8943234456079159,0.9046285285262075,0.9090890240803684,0.8865499963426231,0.903556406959712,0.012583669563096884,77
2.677346658706665,0.2342552015128093,0.1743112564086914,0.039547893720833796,True,20,2,5,800,"{'clf__bootstrap': True, 'clf__max_depth': 20, 'clf__min_samples_leaf': 2, 'clf__min_samples_split': 5, 'clf__n_estimators': 800}",0.9304221517447374,0.8982562202807938,0.9006050747875187,0.9021793457187358,0.8936085112407357,0.9050142607545043,0.013029204286818133,60
0.5464500427246094,0.31085309124301697,0.04861741065979004,0.02833697213827668,True,20,2,10,200,"{'clf__bootstrap': True, 'clf__max_depth': 20, 'clf__min_samples_leaf': 2, 'clf__min_samples_split': 10, 'clf__n_estimators': 200}",0.9302593101612711,0.8935822838620542,0.9013921546352639,0.9017860511459727,0.8862810214708421,0.9026601642550809,0.014931637603767495,85
1.8555994510650635,0.3188728753739988,0.09688997268676758,0.020046171188595953,True,20,2,10,400,"{'clf__bootstrap': True, 'clf__max_depth': 20, 'clf__min_samples_leaf': 2, 'clf__min_samples_split': 10, 'clf__n_estimators': 400}",0.9264292896645838,0.889741137266964,0.9008411163599508,0.9050928795533222,0.8795163814460686,0.9003241608581778,0.015807907789321556,115
2.226431369781494,0.1592432286939302,0.07029657363891602,0.007844436119241587,True,20,2,10,800,"{'clf__bootstrap': True, 'clf__max_depth': 20, 'clf__min_samples_leaf': 2, 'clf__min_samples_split': 10, 'clf__n_estimators': 800}",0.9262830908341745,0.8898298472148808,0.8970707875093892,0.8989219448154797,0.8762116761219815,0.8976634692991811,0.016386353069626672,131
0.524920129776001,0.08330348748545861,0.022364139556884766,0.003877800494487826,True,20,4,2,200,"{'clf__bootstrap': True, 'clf__max_depth': 20, 'clf__min_samples_leaf': 4, 'clf__min_samples_split': 2, 'clf__n_estimators': 200}",0.9227365019217318,0.8771306715943801,0.9008411163599508,0.8988635110159283,0.8595383254824605,0.8918220252748903,0.021655043463560848,157
0.7843857765197754,0.05225497460877871,0.03600521087646484,0.009288452609678866,True,20,4,2,400,"{'clf__bootstrap': True, 'clf__max_depth': 20, 'clf__min_samples_leaf': 4, 'clf__min_samples_split': 2, 'clf__n_estimators': 400}",0.9227365019217318,0.8820756348819823,0.9007846435543784,0.8918229537524647,0.8759784135898349,0.8946796295400785,0.016378132005022337,152
1.4745448589324952,0.05517589791504843,0.05827851295471191,0.008720785482133854,True,20,4,2,800,"{'clf__bootstrap': True, 'clf__max_depth': 20, 'clf__min_samples_leaf': 4, 'clf__min_samples_split': 2, 'clf__n_estimators': 800}",0.922886601034176,0.88223397130768,0.9007294437839436,0.8927129596832675,0.8794469639707735,0.8956019879559681,0.01561266196090171,147
0.36141467094421387,0.03596536491886344,0.019331026077270507,0.004474764492498531,True,20,4,5,200,"{'clf__bootstrap': True, 'clf__max_depth': 20, 'clf__min_samples_leaf': 4, 'clf__min_samples_split': 5, 'clf__n_estimators': 200}",0.9227365019217318,0.8771306715943801,0.9008411163599508,0.8988635110159283,0.8595383254824605,0.8918220252748903,0.021655043463560848,157
0.7309276103973389,0.04783898388148174,0.03414311408996582,0.00453187697008968,True,20,4,5,400,"{'clf__bootstrap': True, 'clf__max_depth': 20, 'clf__min_samples_leaf': 4, 'clf__min_samples_split': 5, 'clf__n_estimators': 400}",0.9227365019217318,0.8820756348819823,0.9007846435543784,0.8918229537524647,0.8759784135898349,0.8946796295400785,0.016378132005022337,152
1.4471511363983154,0.05405490179344114,0.06258959770202636,0.008641418857140275,True,20,4,5,800,"{'clf__bootstrap': True, 'clf__max_depth': 20, 'clf__min_samples_leaf': 4, 'clf__min_samples_split': 5, 'clf__n_estimators': 800}",0.922886601034176,0.88223397130768,0.9007294437839436,0.8927129596832675,0.8794469639707735,0.8956019879559681,0.01561266196090171,147
0.36489577293395997,0.010383592745681798,0.01951141357421875,0.0024116037810019628,True,20,4,10,200,"{'clf__bootstrap': True, 'clf__max_depth': 20, 'clf__min_samples_leaf': 4, 'clf__min_samples_split': 10, 'clf__n_estimators': 200}",0.9224491388656456,0.8898298472148808,0.8970143147038167,0.8882490091380231,0.8857405647127742,0.8966565749270281,0.013430078071444805,140
0.6925398826599121,0.011653979590522896,0.03212065696716308,0.0018904029376497979,True,20,4,10,400,"{'clf__bootstrap': True, 'clf__max_depth': 20, 'clf__min_samples_leaf': 4, 'clf__min_samples_split': 10, 'clf__n_estimators': 400}",0.9262830908341745,0.8937323709971794,0.8939292780796958,0.8957671362105767,0.882165791881829,0.898375533600691,0.014762922213422089,123
1.3394856452941895,0.010889699620935112,0.05734496116638184,0.005263646067055139,True,20,4,10,800,"{'clf__bootstrap': True, 'clf__max_depth': 20, 'clf__min_samples_leaf': 4, 'clf__min_samples_split': 10, 'clf__n_estimators': 800}",0.922932169500797,0.8854299179396562,0.8970143147038167,0.8994100700469833,0.8855069962257203,0.8980586936833947,0.013701370957846357,127
0.4881197452545166,0.014643609344778995,0.01968803405761719,0.0033433586423724216,False,,1,2,200,"{'clf__bootstrap': False, 'clf__max_depth': None, 'clf__min_samples_leaf': 1, 'clf__min_samples_split': 2, 'clf__n_estimators': 200}",0.9345989739110638,0.8961853869060595,0.9157099167538699,0.9084168156464906,0.9180181466886426,0.9145858479812252,0.012571422689829833,7
0.9270250797271729,0.04148258199203868,0.043617963790893555,0.007033760925073219,False,,1,2,400,"{'clf__bootstrap': False, 'clf__max_depth': None, 'clf__min_samples_leaf': 1, 'clf__min_samples_split': 2, 'clf__n_estimators': 400}",0.9411599141980718,0.8898854724523902,0.9182097970985242,0.9155744645727225,0.9111762332510495,0.9152011763145517,0.016371513334764328,5
1.941229772567749,0.03529674857326313,0.08168911933898926,0.010702788647201731,False,,1,2,800,"{'clf__bootstrap': False, 'clf__max_depth': None, 'clf__min_samples_leaf': 1, 'clf__min_samples_split': 2, 'clf__n_estimators': 800}",0.9411599141980718,0.896305023404785,0.9148197369898495,0.9127706964230582,0.9109723909345705,0.915205552390067,0.01452484716474308,4
0.5325461864471436,0.056488771115318484,0.02363553047180176,0.0015162284271602723,False,,1,5,200,"{'clf__bootstrap': False, 'clf__max_depth': None, 'clf__min_samples_leaf': 1, 'clf__min_samples_split': 5, 'clf__n_estimators': 200}",0.9419263709927568,0.8797689641142331,0.9123525154164839,0.9226881483399697,0.9039497882626905,0.9121371574252267,0.02055966918673939,20
0.9557116031646729,0.038208630012739185,0.037293529510498045,0.006611722299628614,False,,1,5,400,"{'clf__bootstrap': False, 'clf__max_depth': None, 'clf__min_samples_leaf': 1, 'clf__min_samples_split': 5, 'clf__n_estimators': 400}",0.9378265042508822,0.8981465695263909,0.9121047969184701,0.92344546213237,0.9074237791016342,0.9157894223859495,0.013704587780305963,3
1.8496469497680663,0.08171420170608602,0.08420681953430176,0.00768151327235132,False,,1,5,800,"{'clf__bootstrap': False, 'clf__max_depth': None, 'clf__min_samples_leaf': 1, 'clf__min_samples_split': 5, 'clf__n_estimators': 800}",0.9375984896282439,0.8999906285428122,0.9118419966725354,0.9130735659336325,0.9039767407775576,0.9132962843109563,0.01308935526590765,12
0.43436408042907715,0.016960479756842013,0.023250389099121093,0.004960346427737644,False,,1,10,200,"{'clf__bootstrap': False, 'clf__max_depth': None, 'clf__min_samples_leaf': 1, 'clf__min_samples_split': 10, 'clf__n_estimators': 200}",0.9267643204874195,0.9014111258028178,0.9008460298457496,0.9098380046093185,0.9100973263551612,0.9097913614200934,0.009364020884275381,29
0.9689067840576172,0.04252101011344461,0.05065975189208984,0.011083189655726005,False,,1,10,400,"{'clf__bootstrap': False, 'clf__max_depth': None, 'clf__min_samples_leaf': 1, 'clf__min_samples_split': 10, 'clf__n_estimators': 400}",0.9343083475436417,0.9011072204568957,0.9053552450545839,0.9062175284959283,0.9137034004256631,0.9121383483953425,0.011804326604260725,18
1.749539041519165,0.03220523767171816,0.06659483909606934,0.00855118621555853,False,,1,10,800,"{'clf__bootstrap': False, 'clf__max_depth': None, 'clf__min_samples_leaf': 1, 'clf__min_samples_split': 10, 'clf__n_estimators': 800}",0.9303066698081881,0.8939993836945702,0.9084208380462847,0.9195215092705702,0.9104258343719354,0.9125348470383097,0.012079631943831432,15
0.44048347473144533,0.025099226622272014,0.02490062713623047,0.0071597759638842955,False,,2,2,200,"{'clf__bootstrap': False, 'clf__max_depth': None, 'clf__min_samples_leaf': 2, 'clf__min_samples_split': 2, 'clf__n_estimators': 200}",0.9415546611265005,0.8899689533855207,0.9150277751544567,0.906286879993851,0.9106462754027573,0.9126969090126172,0.01673353717089181,13
0.8886830806732178,0.06619782640262854,0.042276954650878905,0.0193055582282291,False,,2,2,400,"{'clf__bootstrap': False, 'clf__max_depth': None, 'clf__min_samples_leaf': 2, 'clf__min_samples_split': 2, 'clf__n_estimators': 400}",0.945151617265726,0.8899036964818886,0.9111939453906276,0.9099414242484084,0.9000149242294999,0.9112411215232301,0.01861680087001053,23
1.8062983512878419,0.021869767896942803,0.06139297485351562,0.0062846705427262286,False,,2,2,800,"{'clf__bootstrap': False, 'clf__max_depth': None, 'clf__min_samples_leaf': 2, 'clf__min_samples_split': 2, 'clf__n_estimators': 800}",0.9341266005764183,0.8906596574505142,0.9078782004880154,0.9100487286530414,0.9009094301748128,0.9087245234685604,0.014388539681228942,34
0.47646098136901854,0.034511585533580545,0.023857259750366212,0.007154616224245394,False,,2,5,200,"{'clf__bootstrap': False, 'clf__max_depth': None, 'clf__min_samples_leaf': 2, 'clf__min_samples_split': 5, 'clf__n_estimators': 200}",0.9307147418007468,0.8874067836947975,0.9114588738781954,0.9129214898374985,0.8871067754161971,0.905921732925487,0.01668026250955012,54
0.8977262020111084,0.016474934750212715,0.03692793846130371,0.006903119922652339,False,,2,5,400,"{'clf__bootstrap': False, 'clf__max_depth': None, 'clf__min_samples_leaf': 2, 'clf__min_samples_split': 5, 'clf__n_estimators': 400}",0.9374535914863387,0.9015567369614066,0.9084414877764414,0.9164334568515754,0.896806028000382,0.9121382602152288,0.014283044612660568,19
1.711410140991211,0.09635965522605588,0.05702829360961914,0.005384137443888709,False,,2,5,800,"{'clf__bootstrap': False, 'clf__max_depth': None, 'clf__min_samples_leaf': 2, 'clf__min_samples_split': 5, 'clf__n_estimators': 800}",0.9336845953033907,0.9015567369614066,0.9078782004880154,0.8994516346613375,0.9011299835645452,0.9087402301957391,0.012796568928254379,32
0.41228470802307127,0.04427502138345944,0.018143272399902342,0.0033041164635556723,False,,2,10,200,"{'clf__bootstrap': False, 'clf__max_depth': None, 'clf__min_samples_leaf': 2, 'clf__min_samples_split': 10, 'clf__n_estimators': 200}",0.9306471824662003,0.891482522814315,0.9079507876624201,0.903017674016251,0.8900180257880798,0.9046232385494533,0.014675740031686141,65
0.8025320529937744,0.03857159496138449,0.029169845581054687,0.004433326410143743,False,,2,10,400,"{'clf__bootstrap': False, 'clf__max_depth': None, 'clf__min_samples_leaf': 2, 'clf__min_samples_split': 10, 'clf__n_estimators': 400}",0.934276288113086,0.894618797567131,0.9082350827584886,0.8997200294553693,0.8937714773152229,0.9061243350418596,0.014986482804780136,50
1.6794127941131591,0.08809531596317248,0.061217641830444335,0.003961657037778572,False,,2,10,800,"{'clf__bootstrap': False, 'clf__max_depth': None, 'clf__min_samples_leaf': 2, 'clf__min_samples_split': 10, 'clf__n_estimators': 800}",0.9266210919939472,0.8954413623764752,0.9082350827584886,0.9064225467961845,0.8937618949997044,0.9060963957849599,0.011761064216145358,52
0.42197704315185547,0.0206054198227339,0.019815349578857423,0.0037659243524036288,False,,4,2,200,"{'clf__bootstrap': False, 'clf__max_depth': None, 'clf__min_samples_leaf': 4, 'clf__min_samples_split': 2, 'clf__n_estimators': 200}",0.9266989052321308,0.8971054569051914,0.9046285285262075,0.9059597249625035,0.8690300020909634,0.9006845235433992,0.0186276645146245,108
0.8065900325775146,0.030538124473370506,0.030909204483032228,0.0017602872158686334,False,,4,2,400,"{'clf__bootstrap': False, 'clf__max_depth': None, 'clf__min_samples_leaf': 4, 'clf__min_samples_split': 2, 'clf__n_estimators': 400}",0.9266989052321308,0.8976646215983355,0.9046285285262075,0.8997541689853072,0.8794353884721274,0.9016363225628217,0.015161033815167604,95
1.5513554573059083,0.012777808693827955,0.0538841724395752,0.008328486024668274,False,,4,2,800,"{'clf__bootstrap': False, 'clf__max_depth': None, 'clf__min_samples_leaf': 4, 'clf__min_samples_split': 2, 'clf__n_estimators': 800}",0.9229895344341524,0.8972126724392527,0.9081310475598062,0.902992464387802,0.8867811698931244,0.9036213777428277,0.012004351307549134,71
0.38907299041748045,0.026278742481901846,0.022740745544433595,0.007249111534201984,False,,4,5,200,"{'clf__bootstrap': False, 'clf__max_depth': None, 'clf__min_samples_leaf': 4, 'clf__min_samples_split': 5, 'clf__n_estimators': 200}",0.9266989052321308,0.8971054569051914,0.9046285285262075,0.9059597249625035,0.8690300020909634,0.9006845235433992,0.0186276645146245,108
0.7773162364959717,0.027962986855857536,0.03302292823791504,0.00291711178511537,False,,4,5,400,"{'clf__bootstrap': False, 'clf__max_depth': None, 'clf__min_samples_leaf': 4, 'clf__min_samples_split': 5, 'clf__n_estimators': 400}",0.9266989052321308,0.8976646215983355,0.9046285285262075,0.8997541689853072,0.8794353884721274,0.9016363225628217,0.015161033815167604,95
1.5757514476776122,0.020608515476877122,0.05253615379333496,0.012226020947904218,False,,4,5,800,"{'clf__bootstrap': False, 'clf__max_depth': None, 'clf__min_samples_leaf': 4, 'clf__min_samples_split': 5, 'clf__n_estimators': 800}",0.9229895344341524,0.8972126724392527,0.9081310475598062,0.902992464387802,0.8867811698931244,0.9036213777428277,0.012004351307549134,71
0.41416730880737307,0.014985615573937607,0.02197299003601074,0.0024221761232327537,False,,4,10,200,"{'clf__bootstrap': False, 'clf__max_depth': None, 'clf__min_samples_leaf': 4, 'clf__min_samples_split': 10, 'clf__n_estimators': 200}",0.9264683582690534,0.8935822838620542,0.9045733287557727,0.903097419180669,0.8864341755506849,0.9028311131236469,0.01353680905361805,83
0.7766824245452881,0.01320657443272291,0.03156161308288574,0.004298428129906882,False,,4,10,400,"{'clf__bootstrap': False, 'clf__max_depth': None, 'clf__min_samples_leaf': 4, 'clf__min_samples_split': 10, 'clf__n_estimators': 400}",0.9264597674876442,0.8898298472148808,0.911919041630674,0.9066655306357774,0.8830915469523459,0.9035931467842644,0.015565258883947051,75
1.4877230167388915,0.035490975232462856,0.058245372772216794,0.006183081279620535,False,,4,10,800,"{'clf__bootstrap': False, 'clf__max_depth': None, 'clf__min_samples_leaf': 4, 'clf__min_samples_split': 10, 'clf__n_estimators': 800}",0.9263271825449328,0.8935822838620542,0.9082350827584886,0.8999443792584854,0.8794750840447438,0.9015128024937409,0.015568921741292778,99
0.4437089920043945,0.04204110068624994,0.024061870574951173,0.004349142636613377,False,10,1,2,200,"{'clf__bootstrap': False, 'clf__max_depth': 10, 'clf__min_samples_leaf': 1, 'clf__min_samples_split': 2, 'clf__n_estimators': 200}",0.9307730626455397,0.8820332524447817,0.9084371168793725,0.9046106477589699,0.8967230310272878,0.9045154221511904,0.01594378722840692,67
0.8222865104675293,0.02466774696311135,0.03290648460388183,0.0037466570712383043,False,10,1,2,400,"{'clf__bootstrap': False, 'clf__max_depth': 10, 'clf__min_samples_leaf': 1, 'clf__min_samples_split': 2, 'clf__n_estimators': 400}",0.9340862737352047,0.889364079512451,0.8981248519125833,0.9194417466386048,0.8963013542856959,0.907463661216908,0.01668318519224836,40
1.6161341190338134,0.07253286327523237,0.05828704833984375,0.015886481942134864,False,10,1,2,800,"{'clf__bootstrap': False, 'clf__max_depth': 10, 'clf__min_samples_leaf': 1, 'clf__min_samples_split': 2, 'clf__n_estimators': 800}",0.9305546185308551,0.8921649900165594,0.9081080946434799,0.9164019119223586,0.8966060792031574,0.9087671388632821,0.013834313048344772,31
0.4215566158294678,0.009415155118311352,0.019223356246948244,0.0020920508777098343,False,10,1,5,200,"{'clf__bootstrap': False, 'clf__max_depth': 10, 'clf__min_samples_leaf': 1, 'clf__min_samples_split': 5, 'clf__n_estimators': 200}",0.9345862623155613,0.890463312998924,0.9118464544562693,0.9130271706704695,0.8790425402596398,0.9057931481401728,0.019331921222052365,56
0.83507399559021,0.03974713264643353,0.029769325256347658,0.005267989855792856,False,10,1,5,400,"{'clf__bootstrap': False, 'clf__max_depth': 10, 'clf__min_samples_leaf': 1, 'clf__min_samples_split': 5, 'clf__n_estimators': 400}",0.927237137763904,0.8937323709971794,0.9118019806661328,0.9096034524084217,0.8898705353902621,0.9064490954451798,0.013470781608104297,45
1.5646470069885254,0.027289761264385533,0.05340356826782226,0.002314070298265641,False,10,1,5,800,"{'clf__bootstrap': False, 'clf__max_depth': 10, 'clf__min_samples_leaf': 1, 'clf__min_samples_split': 5, 'clf__n_estimators': 800}",0.9233696583219161,0.8937756470296053,0.9080639557758114,0.9097176070095355,0.8901303560815591,0.9050114448436855,0.011968122181023113,62
0.4048353672027588,0.011701758762108026,0.025145626068115233,0.002200603255729622,False,10,1,10,200,"{'clf__bootstrap': False, 'clf__max_depth': 10, 'clf__min_samples_leaf': 1, 'clf__min_samples_split': 10, 'clf__n_estimators': 200}",0.9232325695681164,0.886696402334075,0.9082544824369263,0.91939445465304,0.8933861392432405,0.9061928096470797,0.014233819225137815,49
0.8100581645965577,0.03478702966290201,0.03557744026184082,0.004289753797727818,False,10,1,10,400,"{'clf__bootstrap': False, 'clf__max_depth': 10, 'clf__min_samples_leaf': 1, 'clf__min_samples_split': 10, 'clf__n_estimators': 400}",0.9303090358670042,0.886696402334075,0.9084006201219151,0.9093735460942137,0.8929752434460757,0.9055509695726569,0.015161385421631656,57
1.5656984806060792,0.0315343725853677,0.057269954681396486,0.00370264567517908,False,10,1,10,800,"{'clf__bootstrap': False, 'clf__max_depth': 10, 'clf__min_samples_leaf': 1, 'clf__min_samples_split': 10, 'clf__n_estimators': 800}",0.9268666950752659,0.8904137759653901,0.9081365429502162,0.9059317784527903,0.8930789535884879,0.9048855492064302,0.012989705543166143,63
0.4170065879821777,0.015030684428797377,0.021249675750732423,0.00464814110226723,False,10,2,2,200,"{'clf__bootstrap': False, 'clf__max_depth': 10, 'clf__min_samples_leaf': 2, 'clf__min_samples_split': 2, 'clf__n_estimators': 200}",0.9269637098529697,0.8842371809411284,0.9078946572871852,0.9028389667394093,0.8932557891274643,0.9030380607896313,0.014458414664362018,82
0.8124298095703125,0.014602075843799443,0.033898210525512694,0.005170396328995977,False,10,2,2,400,"{'clf__bootstrap': False, 'clf__max_depth': 10, 'clf__min_samples_leaf': 2, 'clf__min_samples_split': 2, 'clf__n_estimators': 400}",0.9267645894595935,0.8838439124188585,0.9114923920976216,0.905793089212481,0.8896584530810857,0.903510487253928,0.015416402709422745,79
1.5828023910522462,0.022155821695637377,0.056556987762451175,0.007266578470391037,False,10,2,2,800,"{'clf__bootstrap': False, 'clf__max_depth': 10, 'clf__min_samples_leaf': 2, 'clf__min_samples_split': 2, 'clf__n_estimators': 800}",0.9230736063510946,0.8834315343595717,0.9114142212944163,0.9029705104042874,0.8905866062079772,0.9022952957234696,0.01420059022671959,87
0.38905696868896483,0.02197457656534241,0.020815944671630858,0.006003061424353457,False,10,2,5,200,"{'clf__bootstrap': False, 'clf__max_depth': 10, 'clf__min_samples_leaf': 2, 'clf__min_samples_split': 5, 'clf__n_estimators': 200}",0.9271464638929696,0.9015493044796308,0.9081302489069285,0.9023918181268983,0.8829785677711944,0.9044392806355243,0.0141587123695539,68
0.8098155975341796,0.0600668956582776,0.03315882682800293,0.004618773431518335,False,10,2,5,400,"{'clf__bootstrap': False, 'clf__max_depth': 10, 'clf__min_samples_leaf': 2, 'clf__min_samples_split': 5, 'clf__n_estimators': 400}",0.9299215579858691,0.9014111258028178,0.907662315047081,0.8951935488613475,0.8833504527469114,0.9035078000888053,0.01545825390643974,80
1.593812894821167,0.01748740496741558,0.05597867965698242,0.005738768838182409,False,10,2,5,800,"{'clf__bootstrap': False, 'clf__max_depth': 10, 'clf__min_samples_leaf': 2, 'clf__min_samples_split': 5, 'clf__n_estimators': 800}",0.9195483239528864,0.8974920016926037,0.9078782004880154,0.8919946174669274,0.8867811698931244,0.9007388626987114,0.011718251544183465,107
0.3992616176605225,0.008832317926694724,0.01773800849914551,0.003084916145267775,False,10,2,10,200,"{'clf__bootstrap': False, 'clf__max_depth': 10, 'clf__min_samples_leaf': 2, 'clf__min_samples_split': 10, 'clf__n_estimators': 200}",0.9308260889151075,0.8937323709971794,0.9043574433148382,0.9068426022758311,0.8830799816549174,0.9037676974315747,0.015941447552746322,70
0.784177589416504,0.017649677013605796,0.032164478302001955,0.001184138084020746,False,10,2,10,400,"{'clf__bootstrap': False, 'clf__max_depth': 10, 'clf__min_samples_leaf': 2, 'clf__min_samples_split': 10, 'clf__n_estimators': 400}",0.9268666950752659,0.8906596574505142,0.9006050747875187,0.8964495996771807,0.8927259804451435,0.9014614014871247,0.013147362093677955,103
1.525683307647705,0.03802339840971095,0.053378057479858396,0.00511331722266183,False,10,2,10,800,"{'clf__bootstrap': False, 'clf__max_depth': 10, 'clf__min_samples_leaf': 2, 'clf__min_samples_split': 10, 'clf__n_estimators': 800}",0.9233696583219161,0.8977171206181322,0.9008411163599508,0.8965625635230062,0.8899600204712607,0.9016900958588533,0.011405217959307434,94
0.38506345748901366,0.006276773184169523,0.020311832427978516,0.0009086984022902245,False,10,4,2,200,"{'clf__bootstrap': False, 'clf__max_depth': 10, 'clf__min_samples_leaf': 4, 'clf__min_samples_split': 2, 'clf__n_estimators': 200}",0.9163361058086373,0.8824370799503614,0.9008411163599508,0.8897122248036116,0.8896592509270941,0.8957971555699309,0.011836231611077837,145
0.793312406539917,0.11641390010826264,0.037360620498657224,0.005938400694363703,False,10,4,2,400,"{'clf__bootstrap': False, 'clf__max_depth': 10, 'clf__min_samples_leaf': 4, 'clf__min_samples_split': 2, 'clf__n_estimators': 400}",0.9264965458095341,0.8939482669353371,0.9008411163599508,0.8992673611415588,0.8893424501016477,0.9019791480696057,0.012914587750132,88
1.743257713317871,0.10001210914252691,0.10794544219970703,0.07533548912795754,False,10,4,2,800,"{'clf__bootstrap': False, 'clf__max_depth': 10, 'clf__min_samples_leaf': 4, 'clf__min_samples_split': 2, 'clf__n_estimators': 800}",0.9192780893169779,0.9009400218028054,0.9008411163599508,0.8927977476191461,0.8830883776080679,0.8993890705413896,0.011910038477703812,121
0.43706226348876953,0.021342005428679055,0.023009729385375977,0.004747274693564491,False,10,4,5,200,"{'clf__bootstrap': False, 'clf__max_depth': 10, 'clf__min_samples_leaf': 4, 'clf__min_samples_split': 5, 'clf__n_estimators': 200}",0.9163361058086373,0.8824370799503614,0.9008411163599508,0.8897122248036116,0.8896592509270941,0.8957971555699309,0.011836231611077837,145
1.062908124923706,0.03429025931141303,0.04019231796264648,0.006708901471907305,False,10,4,5,400,"{'clf__bootstrap': False, 'clf__max_depth': 10, 'clf__min_samples_leaf': 4, 'clf__min_samples_split': 5, 'clf__n_estimators': 400}",0.9264965458095341,0.8939482669353371,0.9008411163599508,0.8992673611415588,0.8893424501016477,0.9019791480696057,0.012914587750132,88
1.5660030841827393,0.08591396418986276,0.048552942276000974,0.005278622954075298,False,10,4,5,800,"{'clf__bootstrap': False, 'clf__max_depth': 10, 'clf__min_samples_leaf': 4, 'clf__min_samples_split': 5, 'clf__n_estimators': 800}",0.9192780893169779,0.9009400218028054,0.9008411163599508,0.8927977476191461,0.8830883776080679,0.8993890705413896,0.011910038477703812,121
0.3954606056213379,0.016402223286375653,0.022258853912353514,0.006753061257814997,False,10,4,10,200,"{'clf__bootstrap': False, 'clf__max_depth': 10, 'clf__min_samples_leaf': 4, 'clf__min_samples_split': 10, 'clf__n_estimators': 200}",0.9231209882726589,0.8796531673953439,0.9046285285262075,0.8928017065706599,0.8901611857522752,0.8980731153034289,0.014832735708499339,126
0.7792399883270263,0.039435423905043517,0.037171030044555665,0.004340880522516391,False,10,4,10,400,"{'clf__bootstrap': False, 'clf__max_depth': 10, 'clf__min_samples_leaf': 4, 'clf__min_samples_split': 10, 'clf__n_estimators': 400}",0.9229410214083832,0.8895792206484648,0.911919041630674,0.8928017065706599,0.8729562762934646,0.8980394533103293,0.017555092495030778,129
1.500704288482666,0.0709209932317496,0.06517214775085449,0.026011357910528977,False,10,4,10,800,"{'clf__bootstrap': False, 'clf__max_depth': 10, 'clf__min_samples_leaf': 4, 'clf__min_samples_split': 10, 'clf__n_estimators': 800}",0.9192126024900908,0.8900096157348035,0.9044364924120397,0.8932890013726792,0.8759430717687785,0.8965781567556783,0.014517868849697683,142
0.47330751419067385,0.03477316918148039,0.02356119155883789,0.0070936868550550225,False,20,1,2,200,"{'clf__bootstrap': False, 'clf__max_depth': 20, 'clf__min_samples_leaf': 1, 'clf__min_samples_split': 2, 'clf__n_estimators': 200}",0.9310871476025432,0.8960005870906816,0.9157099167538699,0.9115516305318051,0.9247827466165937,0.9158264057190987,0.012037081390213056,2
0.8658095359802246,0.03576486995911803,0.03807053565979004,0.007075264752290266,False,20,1,2,400,"{'clf__bootstrap': False, 'clf__max_depth': 20, 'clf__min_samples_leaf': 1, 'clf__min_samples_split': 2, 'clf__n_estimators': 400}",0.9409249224409014,0.8898854724523902,0.9182097970985242,0.9155744645727225,0.9111271799384989,0.9151443673006074,0.01629949956352497,6
1.8274722576141358,0.05449637616796058,0.07217001914978027,0.012008613614859822,False,20,1,2,800,"{'clf__bootstrap': False, 'clf__max_depth': 20, 'clf__min_samples_leaf': 1, 'clf__min_samples_split': 2, 'clf__n_estimators': 800}",0.9411599141980718,0.896305023404785,0.9148197369898495,0.9127706964230582,0.9075946519479651,0.914530004592746,0.014782288397231903,8
0.4405632019042969,0.02306370210099489,0.019149589538574218,0.004564653789522432,False,20,1,5,200,"{'clf__bootstrap': False, 'clf__max_depth': 20, 'clf__min_samples_leaf': 1, 'clf__min_samples_split': 5, 'clf__n_estimators': 200}",0.9419263709927568,0.8797689641142331,0.9123525154164839,0.9226881483399697,0.9039497882626905,0.9121371574252267,0.02055966918673939,20
0.9036264419555664,0.028691759238430405,0.03208479881286621,0.004871552653084513,False,20,1,5,400,"{'clf__bootstrap': False, 'clf__max_depth': 20, 'clf__min_samples_leaf': 1, 'clf__min_samples_split': 5, 'clf__n_estimators': 400}",0.9378265042508822,0.8981465695263909,0.9121047969184701,0.92344546213237,0.9106671847259921,0.916438103510821,0.013365837244380997,1
1.7596925735473632,0.040324437579446135,0.05259413719177246,0.002847986355614684,False,20,1,5,800,"{'clf__bootstrap': False, 'clf__max_depth': 20, 'clf__min_samples_leaf': 1, 'clf__min_samples_split': 5, 'clf__n_estimators': 800}",0.9375984896282439,0.8965701277214906,0.9118419966725354,0.9164977449530295,0.9039767407775576,0.9132970199505713,0.013925370295126952,11
0.4333049774169922,0.04732157555560493,0.02772679328918457,0.011124823381207273,False,20,1,10,200,"{'clf__bootstrap': False, 'clf__max_depth': 20, 'clf__min_samples_leaf': 1, 'clf__min_samples_split': 10, 'clf__n_estimators': 200}",0.9267643204874195,0.9014111258028178,0.9008460298457496,0.9098380046093185,0.9135585753474569,0.9104836112185524,0.009488168136383597,27
0.8277331829071045,0.02502672023830083,0.03419055938720703,0.00373348332178808,False,20,1,10,400,"{'clf__bootstrap': False, 'clf__max_depth': 20, 'clf__min_samples_leaf': 1, 'clf__min_samples_split': 10, 'clf__n_estimators': 400}",0.9343083475436417,0.9050762966718565,0.9053552450545839,0.9062175284959283,0.917182188325396,0.9136279212182812,0.01128533757810816,9
1.6560634613037108,0.06469486650860728,0.06697998046875,0.014846700263099146,False,20,1,10,800,"{'clf__bootstrap': False, 'clf__max_depth': 20, 'clf__min_samples_leaf': 1, 'clf__min_samples_split': 10, 'clf__n_estimators': 800}",0.9343261540820311,0.8939993836945702,0.9084208380462847,0.9195215092705702,0.9104258343719354,0.9133387438930785,0.013306988140344934,10
0.43352231979370115,0.005835961486121851,0.02277402877807617,0.0018676284414627033,False,20,2,2,200,"{'clf__bootstrap': False, 'clf__max_depth': 20, 'clf__min_samples_leaf': 2, 'clf__min_samples_split': 2, 'clf__n_estimators': 200}",0.9415546611265005,0.8899689533855207,0.9150277751544567,0.906286879993851,0.9106462754027573,0.9126969090126172,0.01673353717089181,13
0.8815976619720459,0.12127481218535983,0.04566001892089844,0.014249938338032111,False,20,2,2,400,"{'clf__bootstrap': False, 'clf__max_depth': 20, 'clf__min_samples_leaf': 2, 'clf__min_samples_split': 2, 'clf__n_estimators': 400}",0.945151617265726,0.8899036964818886,0.9111939453906276,0.9099414242484084,0.9000149242294999,0.9112411215232301,0.01861680087001053,23
1.861691427230835,0.06995653347619957,0.061790180206298825,0.0022274674567832036,False,20,2,2,800,"{'clf__bootstrap': False, 'clf__max_depth': 20, 'clf__min_samples_leaf': 2, 'clf__min_samples_split': 2, 'clf__n_estimators': 800}",0.9339893056832465,0.8906596574505142,0.9078782004880154,0.9100487286530414,0.9009166857727857,0.9086985156095206,0.014339297988418973,35
0.46842069625854493,0.03347363791356851,0.021109390258789062,0.003375859036405488,False,20,2,5,200,"{'clf__bootstrap': False, 'clf__max_depth': 20, 'clf__min_samples_leaf': 2, 'clf__min_samples_split': 5, 'clf__n_estimators': 200}",0.933912609926029,0.8874067836947975,0.9114588738781954,0.9129214898374985,0.8871067754161971,0.9065613065505435,0.017651665196229713,44
0.8629146099090577,0.03676874725049294,0.03589849472045899,0.0032339574955977737,False,20,2,5,400,"{'clf__bootstrap': False, 'clf__max_depth': 20, 'clf__min_samples_leaf': 2, 'clf__min_samples_split': 5, 'clf__n_estimators': 400}",0.9372306614953675,0.9015567369614066,0.9084414877764414,0.9164334568515754,0.896806028000382,0.9120936742170345,0.014204080273763298,22
1.6725406169891357,0.02867280123276861,0.06125421524047851,0.01090998131628334,False,20,2,5,800,"{'clf__bootstrap': False, 'clf__max_depth': 20, 'clf__min_samples_leaf': 2, 'clf__min_samples_split': 5, 'clf__n_estimators': 800}",0.9336845953033907,0.9015567369614066,0.9078782004880154,0.8994516346613375,0.9011299835645452,0.9087402301957391,0.012796568928254379,32
0.4321419715881348,0.009864530292332453,0.021794891357421874,0.0023962195289209034,False,20,2,10,200,"{'clf__bootstrap': False, 'clf__max_depth': 20, 'clf__min_samples_leaf': 2, 'clf__min_samples_split': 10, 'clf__n_estimators': 200}",0.9306471824662003,0.891482522814315,0.9079507876624201,0.903017674016251,0.8900180257880798,0.9046232385494533,0.014675740031686141,65
0.81436767578125,0.04130965144946961,0.03410673141479492,0.0021151055726801138,False,20,2,10,400,"{'clf__bootstrap': False, 'clf__max_depth': 20, 'clf__min_samples_leaf': 2, 'clf__min_samples_split': 10, 'clf__n_estimators': 400}",0.934276288113086,0.894618797567131,0.9082350827584886,0.8997200294553693,0.8937714773152229,0.9061243350418596,0.014986482804780136,50
1.5737338542938233,0.04928984908648216,0.05252141952514648,0.004923282051162798,False,20,2,10,800,"{'clf__bootstrap': False, 'clf__max_depth': 20, 'clf__min_samples_leaf': 2, 'clf__min_samples_split': 10, 'clf__n_estimators': 800}",0.9266210919939472,0.8954413623764752,0.9082350827584886,0.9064225467961845,0.8937618949997044,0.9060963957849599,0.011761064216145358,52
0.42183895111083985,0.05620631755547409,0.0229766845703125,0.002309988313952645,False,20,4,2,200,"{'clf__bootstrap': False, 'clf__max_depth': 20, 'clf__min_samples_leaf': 4, 'clf__min_samples_split': 2, 'clf__n_estimators': 200}",0.9266989052321308,0.8971054569051914,0.9046285285262075,0.9059597249625035,0.8690300020909634,0.9006845235433992,0.0186276645146245,108
0.7738340377807618,0.03616498311399098,0.030370283126831054,0.003446425717270596,False,20,4,2,400,"{'clf__bootstrap': False, 'clf__max_depth': 20, 'clf__min_samples_leaf': 4, 'clf__min_samples_split': 2, 'clf__n_estimators': 400}",0.9266989052321308,0.8976646215983355,0.9046285285262075,0.8997541689853072,0.8794353884721274,0.9016363225628217,0.015161033815167604,95
1.5434476852416992,0.05943589277386223,0.05248570442199707,0.005709400553135829,False,20,4,2,800,"{'clf__bootstrap': False, 'clf__max_depth': 20, 'clf__min_samples_leaf': 4, 'clf__min_samples_split': 2, 'clf__n_estimators': 800}",0.9229895344341524,0.8972126724392527,0.9081310475598062,0.902992464387802,0.8867811698931244,0.9036213777428277,0.012004351307549134,71
0.39034380912780764,0.012377994398635893,0.02183542251586914,0.0017693389928496127,False,20,4,5,200,"{'clf__bootstrap': False, 'clf__max_depth': 20, 'clf__min_samples_leaf': 4, 'clf__min_samples_split': 5, 'clf__n_estimators': 200}",0.9266989052321308,0.8971054569051914,0.9046285285262075,0.9059597249625035,0.8690300020909634,0.9006845235433992,0.0186276645146245,108
0.758954668045044,0.01853836343163944,0.03206162452697754,0.004622628474208341,False,20,4,5,400,"{'clf__bootstrap': False, 'clf__max_depth': 20, 'clf__min_samples_leaf': 4, 'clf__min_samples_split': 5, 'clf__n_estimators': 400}",0.9266989052321308,0.8976646215983355,0.9046285285262075,0.8997541689853072,0.8794353884721274,0.9016363225628217,0.015161033815167604,95
1.491550350189209,0.03648004154219803,0.05459361076354981,0.003734023746864815,False,20,4,5,800,"{'clf__bootstrap': False, 'clf__max_depth': 20, 'clf__min_samples_leaf': 4, 'clf__min_samples_split': 5, 'clf__n_estimators': 800}",0.9229895344341524,0.8972126724392527,0.9081310475598062,0.902992464387802,0.8867811698931244,0.9036213777428277,0.012004351307549134,71
0.4194645404815674,0.019898099411959674,0.020942115783691408,0.0005848070295094815,False,20,4,10,200,"{'clf__bootstrap': False, 'clf__max_depth': 20, 'clf__min_samples_leaf': 4, 'clf__min_samples_split': 10, 'clf__n_estimators': 200}",0.9264683582690534,0.8935822838620542,0.9045733287557727,0.903097419180669,0.8864341755506849,0.9028311131236469,0.01353680905361805,83
0.7506589412689209,0.03912683695192414,0.032929420471191406,0.005922493279347194,False,20,4,10,400,"{'clf__bootstrap': False, 'clf__max_depth': 20, 'clf__min_samples_leaf': 4, 'clf__min_samples_split': 10, 'clf__n_estimators': 400}",0.9264597674876442,0.8898298472148808,0.911919041630674,0.9066655306357774,0.8830915469523459,0.9035931467842644,0.015565258883947051,75
1.2512742042541505,0.05745791903990278,0.03611135482788086,0.0017572133660413885,False,20,4,10,800,"{'clf__bootstrap': False, 'clf__max_depth': 20, 'clf__min_samples_leaf': 4, 'clf__min_samples_split': 10, 'clf__n_estimators': 800}",0.9263271825449328,0.8935822838620542,0.9082350827584886,0.8999443792584854,0.8794750840447438,0.9015128024937409,0.015568921741292778,99
