mean_fit_time,std_fit_time,mean_score_time,std_score_time,param_clf__l2_regularization,param_clf__learning_rate,param_clf__max_depth,param_clf__max_iter,params,split0_test_score,split1_test_score,split2_test_score,split3_test_score,split4_test_score,mean_test_score,std_test_score,rank_test_score
2.5951889514923097,0.0708773455718915,0.0620610237121582,0.006081020808867844,0.0,0.05,,200,"{'clf__l2_regularization': 0.0, 'clf__learning_rate': 0.05, 'clf__max_depth': None, 'clf__max_iter': 200}",0.9481930544488811,0.9475580115820962,0.9438867701791602,0.9349744685805197,0.9464673901929437,0.9442159389967202,0.004849104175797384,25
2.9914589881896974,0.03978229398659717,0.06978206634521485,0.012926257821411208,0.0,0.05,,300,"{'clf__l2_regularization': 0.0, 'clf__learning_rate': 0.05, 'clf__max_depth': None, 'clf__max_iter': 300}",0.9481930544488811,0.9333030333641139,0.9477356560984467,0.9379576591576955,0.9431922192485998,0.9420763244635474,0.005737973197141772,53
3.567207193374634,0.1076091896063668,0.07598142623901367,0.009339219093558376,0.0,0.05,,500,"{'clf__l2_regularization': 0.0, 'clf__learning_rate': 0.05, 'clf__max_depth': None, 'clf__max_iter': 500}",0.9481930544488811,0.9407479682637939,0.947850536374452,0.9340642233655254,0.9431922192485998,0.9428096003402505,0.005201364373285078,40
2.0606267929077147,0.09869250769045952,0.04289860725402832,0.0016925292875466314,0.0,0.05,6,200,"{'clf__l2_regularization': 0.0, 'clf__learning_rate': 0.05, 'clf__max_depth': 6, 'clf__max_iter': 200}",0.9401536064282301,0.9398043241458965,0.9651266927226334,0.9486635667453566,0.9319497468535112,0.9451395873791256,0.01130663295139432,15
2.7806288242340087,0.060144774179966325,0.050599861145019534,0.003339761306320228,0.0,0.05,6,300,"{'clf__l2_regularization': 0.0, 'clf__learning_rate': 0.05, 'clf__max_depth': 6, 'clf__max_iter': 300}",0.9408760983749352,0.939879590654957,0.9655555320111999,0.9450703336487442,0.9380190043792087,0.945880111813809,0.010105655004927713,7
3.2590003967285157,0.09463486120338198,0.07242422103881836,0.004491399248497983,0.0,0.05,6,500,"{'clf__l2_regularization': 0.0, 'clf__learning_rate': 0.05, 'clf__max_depth': 6, 'clf__max_iter': 500}",0.9373375779376808,0.9361690155158103,0.96233689561689,0.9450703336487442,0.9452035919435432,0.9452234829325337,0.009349477224401425,12
2.416529321670532,0.03903580977794659,0.047139453887939456,0.0042877361003089655,0.0,0.05,12,200,"{'clf__l2_regularization': 0.0, 'clf__learning_rate': 0.05, 'clf__max_depth': 12, 'clf__max_iter': 200}",0.9407128603355196,0.9435797387350421,0.9475119543979519,0.9386371763259103,0.9496223216539343,0.9440128102896717,0.004091094924833374,26
2.822145175933838,0.018414894564531006,0.05685262680053711,0.00822598772222132,0.0,0.05,12,300,"{'clf__l2_regularization': 0.0, 'clf__learning_rate': 0.05, 'clf__max_depth': 12, 'clf__max_iter': 300}",0.9446130704011432,0.9398921970961347,0.9515670351196991,0.9413482305125898,0.9495356879921232,0.9453912442243378,0.004527865744879132,9
3.4163575172424316,0.07214093686086215,0.07465825080871583,0.0031544096393670475,0.0,0.05,12,500,"{'clf__l2_regularization': 0.0, 'clf__learning_rate': 0.05, 'clf__max_depth': 12, 'clf__max_iter': 500}",0.9446130704011432,0.9472255508316021,0.9546446268719898,0.9377991469125118,0.9423241051285653,0.9453213000291625,0.0055967517101491015,10
1.6110996723175048,0.09500377851971395,0.044092226028442386,0.00627925348416923,0.0,0.1,,200,"{'clf__l2_regularization': 0.0, 'clf__learning_rate': 0.1, 'clf__max_depth': None, 'clf__max_iter': 200}",0.9441678659923399,0.9362037037107726,0.9439508405526731,0.9446838455984797,0.9394837455076827,0.9416980002723895,0.003322078180428997,58
1.9037419319152833,0.059310935361885045,0.04954371452331543,0.0023026653864909458,0.0,0.1,,300,"{'clf__l2_regularization': 0.0, 'clf__learning_rate': 0.1, 'clf__max_depth': None, 'clf__max_iter': 300}",0.9441678659923399,0.9362037037107726,0.9477356560984467,0.9446838455984797,0.9394837455076827,0.9424549633815442,0.004091309081131846,42
2.3576712608337402,0.06703508594778795,0.05738916397094727,0.004806771755645154,0.0,0.1,,500,"{'clf__l2_regularization': 0.0, 'clf__learning_rate': 0.1, 'clf__max_depth': None, 'clf__max_iter': 500}",0.9441678659923399,0.9362037037107726,0.9477356560984467,0.9446838455984797,0.9394837455076827,0.9424549633815442,0.004091309081131846,42
1.489732551574707,0.043940894344743214,0.033762216567993164,0.005609969440203419,0.0,0.1,6,200,"{'clf__l2_regularization': 0.0, 'clf__learning_rate': 0.1, 'clf__max_depth': 6, 'clf__max_iter': 200}",0.9446585860857566,0.9325111810022474,0.9682923368815016,0.9518311698189746,0.9592940008457089,0.951317454926838,0.012247875557258783,1
1.7499462127685548,0.05120995427296119,0.04414854049682617,0.005683552193386685,0.0,0.1,6,300,"{'clf__l2_regularization': 0.0, 'clf__learning_rate': 0.1, 'clf__max_depth': 6, 'clf__max_iter': 300}",0.934708964736725,0.9325111810022474,0.9651170719865911,0.9518311698189746,0.9592940008457089,0.9486924776780494,0.013033679268116244,3
2.2413048267364504,0.03951093673949594,0.055526351928710936,0.007677168113466842,0.0,0.1,6,500,"{'clf__l2_regularization': 0.0, 'clf__learning_rate': 0.1, 'clf__max_depth': 6, 'clf__max_iter': 500}",0.934708964736725,0.9325111810022474,0.9655097048530014,0.9518311698189746,0.9592940008457089,0.9487710042513315,0.013133202015204215,2
1.5424054145812989,0.03020928800137199,0.03811631202697754,0.005505239185091911,0.0,0.1,12,200,"{'clf__l2_regularization': 0.0, 'clf__learning_rate': 0.1, 'clf__max_depth': 12, 'clf__max_iter': 200}",0.9445540859436623,0.9325112447151824,0.9508355891409707,0.9446838455984797,0.9391074847605619,0.9423384500317715,0.006158317900492561,51
1.8125509738922119,0.01822596827983742,0.046755218505859376,0.003708751841855251,0.0,0.1,12,300,"{'clf__l2_regularization': 0.0, 'clf__learning_rate': 0.1, 'clf__max_depth': 12, 'clf__max_iter': 300}",0.9445540859436623,0.9325112447151824,0.9577459886288137,0.9446838455984797,0.9358485326453173,0.9430687395062911,0.008761604269905885,32
2.4734295845031737,0.07939449283995093,0.07937517166137695,0.0260668325508277,0.0,0.1,12,500,"{'clf__l2_regularization': 0.0, 'clf__learning_rate': 0.1, 'clf__max_depth': 12, 'clf__max_iter': 500}",0.9445540859436623,0.9287984843357553,0.9539146096075612,0.9446838455984797,0.9358485326453173,0.9415599116261552,0.008565471170574816,60
1.1471914291381835,0.15433569673387296,0.03248157501220703,0.0034274857529245284,0.0,0.2,,200,"{'clf__l2_regularization': 0.0, 'clf__learning_rate': 0.2, 'clf__max_depth': None, 'clf__max_iter': 200}",0.937753036571865,0.9398332928563994,0.9541354360326741,0.9482692356200125,0.9463695781818533,0.9452721158525609,0.005913762658288428,11
1.2912177562713623,0.04489665147566922,0.04071121215820313,0.003557143061890308,0.0,0.2,,300,"{'clf__l2_regularization': 0.0, 'clf__learning_rate': 0.2, 'clf__max_depth': None, 'clf__max_iter': 300}",0.937753036571865,0.9398332928563994,0.9541354360326741,0.9411682785344924,0.9391219439855476,0.9424023975961957,0.005969346259023062,47
1.7283638954162597,0.04160637610170534,0.054574441909790036,0.005726354283147538,0.0,0.2,,500,"{'clf__l2_regularization': 0.0, 'clf__learning_rate': 0.2, 'clf__max_depth': None, 'clf__max_iter': 500}",0.937753036571865,0.9363200543145,0.9541354360326741,0.9411682785344924,0.9427819367956307,0.9424317484498325,0.006291874779144211,44
1.0259376525878907,0.042542697355631584,0.03397011756896973,0.000805707147716876,0.0,0.2,6,200,"{'clf__l2_regularization': 0.0, 'clf__learning_rate': 0.2, 'clf__max_depth': 6, 'clf__max_iter': 200}",0.9350163276869523,0.9323533104738271,0.9685935933554982,0.9518311698189746,0.9456310361195365,0.9466850874909578,0.013031773514524067,5
1.2444199562072753,0.05105796308102296,0.03411574363708496,0.005817392887407874,0.0,0.2,6,300,"{'clf__l2_regularization': 0.0, 'clf__learning_rate': 0.2, 'clf__max_depth': 6, 'clf__max_iter': 300}",0.9350163276869523,0.9323533104738271,0.9648273677541971,0.9479798859676908,0.9456310361195365,0.9451615856004407,0.011505514836974071,13
1.705845594406128,0.046738017907879785,0.057439422607421874,0.01179861074651102,0.0,0.2,6,500,"{'clf__l2_regularization': 0.0, 'clf__learning_rate': 0.2, 'clf__max_depth': 6, 'clf__max_iter': 500}",0.9381693230607633,0.9323533104738271,0.9648273677541971,0.9447869105081781,0.9456310361195365,0.9451535895833004,0.010954880924911954,14
1.0373094081878662,0.04056610846931349,0.0316889762878418,0.0051521561382732416,0.0,0.2,12,200,"{'clf__l2_regularization': 0.0, 'clf__learning_rate': 0.2, 'clf__max_depth': 12, 'clf__max_iter': 200}",0.9409981587522432,0.9435149756924555,0.9502734611562863,0.9446838455984797,0.9394921644725697,0.9437925211344067,0.0037195591911316633,27
1.2889274597167968,0.01838454228110258,0.03740592002868652,0.002852526280488934,0.0,0.2,12,300,"{'clf__l2_regularization': 0.0, 'clf__learning_rate': 0.2, 'clf__max_depth': 12, 'clf__max_iter': 300}",0.9409981587522432,0.9398332928563994,0.9502734611562863,0.9446838455984797,0.9394921644725697,0.9430561845671956,0.004051249245988807,33
1.7050162315368653,0.04719633381709833,0.05268139839172363,0.004354012061814825,0.0,0.2,12,500,"{'clf__l2_regularization': 0.0, 'clf__learning_rate': 0.2, 'clf__max_depth': 12, 'clf__max_iter': 500}",0.9409981587522432,0.9398332928563994,0.9502734611562863,0.9446838455984797,0.9394921644725697,0.9430561845671956,0.004051249245988807,33
1.7524404525756836,0.028267170935237843,0.036565208435058595,0.009317418453492954,0.1,0.05,,200,"{'clf__l2_regularization': 0.1, 'clf__learning_rate': 0.05, 'clf__max_depth': None, 'clf__max_iter': 200}",0.9446173422135387,0.9329812846019107,0.9608634136992225,0.9379576591576955,0.9386122603286771,0.9430063920002087,0.009661979707680155,36
2.626926612854004,0.05351394245812592,0.050149154663085935,0.0030866179505492602,0.1,0.05,,300,"{'clf__l2_regularization': 0.1, 'clf__learning_rate': 0.05, 'clf__max_depth': None, 'clf__max_iter': 300}",0.9410382505331812,0.9293357557707914,0.9577073788997934,0.9340642233655254,0.9418676187376962,0.9408026454613975,0.009631776388298955,68
4.238601398468018,0.12174214934741383,0.08010778427124024,0.004721736301691669,0.1,0.05,,500,"{'clf__l2_regularization': 0.1, 'clf__learning_rate': 0.05, 'clf__max_depth': None, 'clf__max_iter': 500}",0.9371448147410112,0.9293357557707914,0.9577073788997934,0.9340642233655254,0.9423426814629019,0.9401189708480047,0.009757871547851285,74
1.4577409267425536,0.03171439324460065,0.03790755271911621,0.005136147032407984,0.1,0.05,6,200,"{'clf__l2_regularization': 0.1, 'clf__learning_rate': 0.05, 'clf__max_depth': 6, 'clf__max_iter': 200}",0.9409749942633049,0.9330877880355868,0.9582312690349621,0.9376173871974348,0.9391876566230665,0.941819819030871,0.008612624427931566,56
2.234017848968506,0.0581588232122545,0.05069684982299805,0.004172339788138678,0.1,0.05,6,300,"{'clf__l2_regularization': 0.1, 'clf__learning_rate': 0.05, 'clf__max_depth': 6, 'clf__max_iter': 300}",0.9409749942633049,0.9294181604961581,0.9586307104257558,0.9411664707975128,0.936008919322658,0.941239851061078,0.00969156889149671,62
3.979253387451172,0.11845399986247428,0.09748706817626954,0.011068770527822375,0.1,0.05,6,500,"{'clf__l2_regularization': 0.1, 'clf__learning_rate': 0.05, 'clf__max_depth': 6, 'clf__max_iter': 500}",0.9409749942633049,0.9393185581817142,0.9550331345496988,0.9411664707975128,0.9356431806433864,0.9424272676871235,0.006607488146903957,45
1.9123104572296143,0.07675369067052919,0.04455447196960449,0.0031144797577879243,0.1,0.05,12,200,"{'clf__l2_regularization': 0.1, 'clf__learning_rate': 0.05, 'clf__max_depth': 12, 'clf__max_iter': 200}",0.9513584344345204,0.9292826862541895,0.9540680595282919,0.9415162425248617,0.9386122603286771,0.9429675366141081,0.00896636593754908,37
2.754310417175293,0.10880717574462687,0.05594415664672851,0.005099912290657108,0.1,0.05,12,300,"{'clf__l2_regularization': 0.1, 'clf__learning_rate': 0.05, 'clf__max_depth': 12, 'clf__max_iter': 300}",0.9514511593735236,0.9329812846019107,0.9540680595282919,0.9376173871974348,0.9386122603286771,0.9429460302059676,0.008276580344788807,38
4.282075357437134,0.1136593736555118,0.08700623512268066,0.009063880356874039,0.1,0.05,12,500,"{'clf__l2_regularization': 0.1, 'clf__learning_rate': 0.05, 'clf__max_depth': 12, 'clf__max_iter': 500}",0.9482798297070002,0.93300538331022,0.9572154915569632,0.9376173871974348,0.9456101998715699,0.9443456583286377,0.008444890135239956,22
1.7198385715484619,0.03413893922873549,0.0400538444519043,0.0029994916517126244,0.1,0.1,,200,"{'clf__l2_regularization': 0.1, 'clf__learning_rate': 0.1, 'clf__max_depth': None, 'clf__max_iter': 200}",0.9482798297070002,0.93300538331022,0.9541024213117769,0.9415341108354129,0.9455558618996529,0.9444955214128126,0.007050263301562511,19
2.5481159687042236,0.05575718262609599,0.05107235908508301,0.003828566227676659,0.1,0.1,,300,"{'clf__l2_regularization': 0.1, 'clf__learning_rate': 0.1, 'clf__max_depth': None, 'clf__max_iter': 300}",0.9446585860857566,0.93300538331022,0.9577073788997934,0.9415341108354129,0.9455558618996529,0.9444922642061672,0.007956095317044604,20
3.9108087539672853,0.062403334663704124,0.0756455898284912,0.006663216994679421,0.1,0.1,,500,"{'clf__l2_regularization': 0.1, 'clf__learning_rate': 0.1, 'clf__max_depth': None, 'clf__max_iter': 500}",0.9407597307583299,0.93300538331022,0.9613054563719549,0.944701713909031,0.9455558618996529,0.9450656292498376,0.009253053996661929,16
1.517522382736206,0.02202632889851847,0.038128232955932616,0.006085672412233207,0.1,0.1,6,200,"{'clf__l2_regularization': 0.1, 'clf__learning_rate': 0.1, 'clf__max_depth': 6, 'clf__max_iter': 200}",0.9414939403923492,0.9325826953003935,0.9581926867970308,0.9411664707975128,0.9394875011505361,0.9425846588875645,0.00844325910018612,41
2.247935581207275,0.051762047747727344,0.05085301399230957,0.003586527466463484,0.1,0.1,6,300,"{'clf__l2_regularization': 0.1, 'clf__learning_rate': 0.1, 'clf__max_depth': 6, 'clf__max_iter': 300}",0.9446585860857566,0.9325826953003935,0.9545911317897463,0.944334073871131,0.9325588847950834,0.9417450743684223,0.008349226662243586,57
3.5676217079162598,0.09237889128398971,0.07782955169677734,0.005167618091364809,0.1,0.1,6,500,"{'clf__l2_regularization': 0.1, 'clf__learning_rate': 0.1, 'clf__max_depth': 6, 'clf__max_iter': 500}",0.9446585860857566,0.9325826953003935,0.9545911317897463,0.944334073871131,0.9358015826912467,0.9423936139476549,0.007712119368860627,48
1.7484912872314453,0.047431097131672144,0.038839530944824216,0.00222327747740853,0.1,0.1,12,200,"{'clf__l2_regularization': 0.1, 'clf__learning_rate': 0.1, 'clf__max_depth': 12, 'clf__max_iter': 200}",0.9407171321479151,0.9325826953003935,0.9613054563719549,0.9415162425248617,0.9455558618996529,0.9443354776489556,0.009472464508889916,23
2.6794196128845216,0.06061497729905988,0.054256105422973634,0.007972082762188621,0.1,0.1,12,300,"{'clf__l2_regularization': 0.1, 'clf__learning_rate': 0.1, 'clf__max_depth': 12, 'clf__max_iter': 300}",0.944074049827879,0.9325826953003935,0.9613054563719549,0.9482692356200125,0.9455558618996529,0.9463574598039786,0.009194543442883943,6
3.979317140579224,0.09809773323582541,0.07867980003356934,0.0028425094313640686,0.1,0.1,12,500,"{'clf__l2_regularization': 0.1, 'clf__learning_rate': 0.1, 'clf__max_depth': 12, 'clf__max_iter': 500}",0.944074049827879,0.9326567955600843,0.9650834139240629,0.9482692356200125,0.9455558618996529,0.9471278713663385,0.010439475998768159,4
1.677276372909546,0.05616311972736384,0.03702402114868164,0.002714505691788843,0.1,0.2,,200,"{'clf__l2_regularization': 0.1, 'clf__learning_rate': 0.2, 'clf__max_depth': None, 'clf__max_iter': 200}",0.9407128603355196,0.9227028052742404,0.9583297460456175,0.9444221669628173,0.9455295327633941,0.9423394222763177,0.011475604695435048,50
2.3648203372955323,0.07443655533579593,0.051885461807250975,0.0047552444453494965,0.1,0.2,,300,"{'clf__l2_regularization': 0.1, 'clf__learning_rate': 0.2, 'clf__max_depth': None, 'clf__max_iter': 300}",0.9407128603355196,0.9227028052742404,0.9583297460456175,0.944701713909031,0.9488094715796322,0.943051319428808,0.011737468698550345,35
3.568364143371582,0.058036510939433544,0.08069109916687012,0.00554438263220066,0.1,0.2,,500,"{'clf__l2_regularization': 0.1, 'clf__learning_rate': 0.2, 'clf__max_depth': None, 'clf__max_iter': 500}",0.9407128603355196,0.9288973970638438,0.9583297460456175,0.944701713909031,0.9456325562270342,0.9436548547162091,0.009453015817852267,28
1.5292118549346925,0.07743691190740663,0.03746352195739746,0.00826406743231884,0.1,0.2,6,200,"{'clf__l2_regularization': 0.1, 'clf__learning_rate': 0.2, 'clf__max_depth': 6, 'clf__max_iter': 200}",0.9410881553872208,0.9321511229319881,0.9550331345496988,0.944701713909031,0.939104131814536,0.942415651718495,0.00751685991791272,46
2.161626672744751,0.06908302696523834,0.04859724044799805,0.005689589136356214,0.1,0.2,6,300,"{'clf__l2_regularization': 0.1, 'clf__learning_rate': 0.2, 'clf__max_depth': 6, 'clf__max_iter': 300}",0.9410881553872208,0.9321511229319881,0.9581926867970308,0.9482692356200125,0.9423275467776965,0.9444057495027897,0.008608221588752811,21
3.562865447998047,0.13707387167454896,0.10832266807556153,0.013327514455731155,0.1,0.2,6,500,"{'clf__l2_regularization': 0.1, 'clf__learning_rate': 0.2, 'clf__max_depth': 6, 'clf__max_iter': 500}",0.9410881553872208,0.9321511229319881,0.9613374945036632,0.9482692356200125,0.9423275467776965,0.9450347110441163,0.009645037898549485,17
1.849649477005005,0.14873675418408597,0.043012142181396484,0.00788949651962953,0.1,0.2,12,200,"{'clf__l2_regularization': 0.1, 'clf__learning_rate': 0.2, 'clf__max_depth': 12, 'clf__max_iter': 200}",0.9375482146421122,0.9325296257837917,0.9583297460456175,0.9407849902710529,0.9384572839406848,0.9415299721366519,0.008821444794803558,61
2.642936611175537,0.11700397227870465,0.05679364204406738,0.004185954392935364,0.1,0.2,12,300,"{'clf__l2_regularization': 0.1, 'clf__learning_rate': 0.2, 'clf__max_depth': 12, 'clf__max_iter': 300}",0.9375482146421122,0.9325296257837917,0.9614904616875363,0.9444221669628173,0.9384572839406848,0.9428895506033885,0.010038383395286262,39
3.5889365673065186,0.06455360061370122,0.07680001258850097,0.003627921835727726,0.1,0.2,12,500,"{'clf__l2_regularization': 0.1, 'clf__learning_rate': 0.2, 'clf__max_depth': 12, 'clf__max_iter': 500}",0.937437626797128,0.9288973970638438,0.9614904616875363,0.9408592819653332,0.9420102125774071,0.9421389960182497,0.010710520922943738,52
1.714115810394287,0.047636764072402055,0.04014363288879395,0.004028382218446954,0.5,0.05,,200,"{'clf__l2_regularization': 0.5, 'clf__learning_rate': 0.05, 'clf__max_depth': None, 'clf__max_iter': 200}",0.9448646575976529,0.9291973656849298,0.9545911317897463,0.9379395007771298,0.9321999882072992,0.9397585288113517,0.00914392943905696,76
2.5533901691436767,0.1045527447795288,0.05464329719543457,0.0049957822693532565,0.5,0.05,,300,"{'clf__l2_regularization': 0.5, 'clf__learning_rate': 0.05, 'clf__max_depth': None, 'clf__max_iter': 300}",0.9412518436401676,0.9329220759862081,0.9619371598557532,0.9376173871974348,0.9359063481523571,0.9419269629663842,0.01036119685392463,54
4.212261009216308,0.07388391574549122,0.09381628036499023,0.01800796631962496,0.5,0.05,,500,"{'clf__l2_regularization': 0.5, 'clf__learning_rate': 0.05, 'clf__max_depth': None, 'clf__max_iter': 500}",0.9443746121175721,0.9293357557707914,0.9583297460456175,0.9376173871974348,0.9359063481523571,0.9411127698567545,0.009849735749779253,63
1.4829614639282227,0.023916209012787914,0.0357759952545166,0.002421898383331532,0.5,0.05,6,200,"{'clf__l2_regularization': 0.5, 'clf__learning_rate': 0.05, 'clf__max_depth': 6, 'clf__max_iter': 200}",0.9415358176083519,0.9398573915647086,0.9514315795424143,0.9377165040518546,0.9284949223008144,0.9398072430136286,0.00735466483338302,75
2.261940574645996,0.056297884963618615,0.0513063907623291,0.008366586019250005,0.5,0.05,6,300,"{'clf__l2_regularization': 0.5, 'clf__learning_rate': 0.05, 'clf__max_depth': 6, 'clf__max_iter': 300}",0.9339758972352082,0.9398573915647086,0.9583297460456175,0.9377165040518546,0.9321679822125724,0.9404095042219922,0.009359552651831712,70
3.818613958358765,0.08227503298811863,0.07569656372070313,0.0029451425632421994,0.5,0.05,6,500,"{'clf__l2_regularization': 0.5, 'clf__learning_rate': 0.05, 'clf__max_depth': 6, 'clf__max_iter': 500}",0.9338653093902243,0.936271071349292,0.9583297460456175,0.9448772630923129,0.935830985875576,0.9418348751506045,0.00907583018578825,55
1.709857130050659,0.04474138342568454,0.035989999771118164,0.005339393978744224,0.5,0.05,12,200,"{'clf__l2_regularization': 0.5, 'clf__learning_rate': 0.05, 'clf__max_depth': 12, 'clf__max_iter': 200}",0.9402771631964782,0.9329220759862081,0.9580161149010709,0.9341714185247055,0.9289306242460856,0.9388634793709096,0.010244991652557212,79
2.5847729206085206,0.05746491901713286,0.05357232093811035,0.003454575598105218,0.5,0.05,12,300,"{'clf__l2_regularization': 0.5, 'clf__learning_rate': 0.05, 'clf__max_depth': 12, 'clf__max_iter': 300}",0.9438963510261925,0.9256504575342416,0.9614904616875363,0.9449175675522028,0.9321999882072992,0.9416309652014945,0.012285383844175969,59
4.2127344608306885,0.1443264135190506,0.09209942817687988,0.020495322105879475,0.5,0.05,12,500,"{'clf__l2_regularization': 0.5, 'clf__learning_rate': 0.05, 'clf__max_depth': 12, 'clf__max_iter': 500}",0.9439310604248533,0.9293357557707914,0.9614904616875363,0.9448122828940727,0.9321999882072992,0.9423539097969107,0.011378163986746005,49
1.7261308193206788,0.021230656464162143,0.03849010467529297,0.004768573650370137,0.5,0.1,,200,"{'clf__l2_regularization': 0.5, 'clf__learning_rate': 0.1, 'clf__max_depth': None, 'clf__max_iter': 200}",0.9407128603355196,0.9295988246535766,0.9583142381169238,0.9341714185247055,0.9281392073769056,0.9381873098015262,0.010975659170476935,80
2.5175528049468996,0.03297439598487354,0.051139020919799806,0.003607375920047547,0.5,0.1,,300,"{'clf__l2_regularization': 0.5, 'clf__learning_rate': 0.1, 'clf__max_depth': None, 'clf__max_iter': 300}",0.9371405429286156,0.9332352995330322,0.9581592023036453,0.9341714185247055,0.9281392073769056,0.9381691341333808,0.010407542553456519,81
4.159710836410523,0.10906113555065809,0.08164458274841309,0.008277484955978383,0.5,0.1,,500,"{'clf__l2_regularization': 0.5, 'clf__learning_rate': 0.1, 'clf__max_depth': None, 'clf__max_iter': 500}",0.9371405429286156,0.9362932704395401,0.9581592023036453,0.9413243344555904,0.9318497825160522,0.9409534265286889,0.009113811092403305,64
1.5277161598205566,0.03334982163971576,0.03750600814819336,0.0041949069629294514,0.5,0.1,6,200,"{'clf__l2_regularization': 0.5, 'clf__learning_rate': 0.1, 'clf__max_depth': 6, 'clf__max_iter': 200}",0.9371405429286156,0.9367406830981512,0.9545911317897463,0.944904540088195,0.9293668617643931,0.9405487519338201,0.008571035726274781,69
2.257158374786377,0.09576942339397872,0.04913206100463867,0.0014501050703045514,0.5,0.1,6,300,"{'clf__l2_regularization': 0.5, 'clf__learning_rate': 0.1, 'clf__max_depth': 6, 'clf__max_iter': 300}",0.9371405429286156,0.9330463309099379,0.9545911317897463,0.9480721431618132,0.9258943110035845,0.9397488919587396,0.010327108177117109,77
3.770216131210327,0.16537802272291663,0.07497725486755372,0.008587949592420653,0.5,0.1,6,500,"{'clf__l2_regularization': 0.5, 'clf__learning_rate': 0.1, 'clf__max_depth': 6, 'clf__max_iter': 500}",0.9371405429286156,0.932724990350543,0.9577359394963787,0.9478824456611913,0.9258943110035845,0.9402756458880626,0.011281749140529483,72
1.7342687606811524,0.033607236270034695,0.04110321998596191,0.006413089235584822,0.5,0.1,12,200,"{'clf__l2_regularization': 0.5, 'clf__learning_rate': 0.1, 'clf__max_depth': 12, 'clf__max_iter': 200}",0.9407640025707253,0.9288973970638438,0.9613054563719549,0.9411664707975128,0.9321999882072992,0.9408666630022673,0.011280241818272507,67
2.7046862125396727,0.08836155375793604,0.06370558738708496,0.0031836810520667154,0.5,0.1,12,300,"{'clf__l2_regularization': 0.5, 'clf__learning_rate': 0.1, 'clf__max_depth': 12, 'clf__max_iter': 300}",0.9375950850649224,0.9325826953003935,0.9577073788997934,0.9411664707975128,0.9354460141673614,0.9408995288459968,0.008858949968410874,66
4.145362663269043,0.11327439095016777,0.09500823020935059,0.017648844261733295,0.5,0.1,12,500,"{'clf__l2_regularization': 0.5, 'clf__learning_rate': 0.1, 'clf__max_depth': 12, 'clf__max_iter': 500}",0.9375950850649224,0.9325826953003935,0.9541024213117769,0.9411664707975128,0.9354460141673614,0.9401785373283934,0.00750491005813924,73
1.6762428283691406,0.041037200666720224,0.03953814506530762,0.004145826576999168,0.5,0.2,,200,"{'clf__l2_regularization': 0.5, 'clf__learning_rate': 0.2, 'clf__max_depth': None, 'clf__max_iter': 200}",0.9339758972352082,0.9290144152113964,0.9578373418534202,0.9444221669628173,0.9559051817365422,0.9442310005998769,0.011473161621827014,24
2.46126127243042,0.08513798895423076,0.04998159408569336,0.0026010143471883298,0.5,0.2,,300,"{'clf__l2_regularization': 0.5, 'clf__learning_rate': 0.2, 'clf__max_depth': None, 'clf__max_iter': 300}",0.9339758972352082,0.9290144152113964,0.9609798975770083,0.9479798859676908,0.9527281244778524,0.9449356440938311,0.011840690936650007,18
3.979754018783569,0.11703723038599256,0.08045220375061035,0.0050473526934304985,0.5,0.2,,500,"{'clf__l2_regularization': 0.5, 'clf__learning_rate': 0.2, 'clf__max_depth': None, 'clf__max_iter': 500}",0.9339758972352082,0.9290144152113964,0.9646378937162075,0.9444221669628173,0.956000749553629,0.9456102245358518,0.01328311066167211,8
1.5194410800933837,0.042510258264953846,0.036510658264160153,0.005614582483028919,0.5,0.2,6,200,"{'clf__l2_regularization': 0.5, 'clf__learning_rate': 0.2, 'clf__max_depth': 6, 'clf__max_iter': 200}",0.9371405429286156,0.9261699942972591,0.9545911317897463,0.9480721431618132,0.9354894183308999,0.940292646101667,0.00997419984661433,71
2.2150964736938477,0.05341220130350058,0.049283933639526364,0.004070201818133495,0.5,0.2,6,300,"{'clf__l2_regularization': 0.5, 'clf__learning_rate': 0.2, 'clf__max_depth': 6, 'clf__max_iter': 300}",0.9371405429286156,0.9260948136922054,0.9545911317897463,0.9444810851169736,0.9323185245270947,0.9389252196109272,0.009876651788395134,78
3.6608706951141357,0.1059565183480221,0.07152981758117676,0.003100458496953138,0.5,0.2,6,500,"{'clf__l2_regularization': 0.5, 'clf__learning_rate': 0.2, 'clf__max_depth': 6, 'clf__max_iter': 500}",0.9407597307583299,0.922601501211551,0.9545911317897463,0.9480721431618132,0.9386387009493119,0.9409326415741506,0.010759643178317766,65
1.6736977577209473,0.048650523580131985,0.03883967399597168,0.004089019413184372,0.5,0.2,12,200,"{'clf__l2_regularization': 0.5, 'clf__learning_rate': 0.2, 'clf__max_depth': 12, 'clf__max_iter': 200}",0.9371405429286156,0.9329220759862081,0.9603675431771731,0.9444221669628173,0.9422974159458778,0.9434299490001384,0.009371459311332117,30
2.4744568347930906,0.05926439442112016,0.0468691349029541,0.003289613954182646,0.5,0.2,12,300,"{'clf__l2_regularization': 0.5, 'clf__learning_rate': 0.2, 'clf__max_depth': 12, 'clf__max_iter': 300}",0.9371405429286156,0.9329220759862081,0.9603675431771731,0.9444221669628173,0.9419125392452411,0.943352973660011,0.009382020287231245,31
3.448779058456421,0.17569157206910802,0.06389756202697754,0.008296043160180783,0.5,0.2,12,500,"{'clf__l2_regularization': 0.5, 'clf__learning_rate': 0.2, 'clf__max_depth': 12, 'clf__max_iter': 500}",0.9371405429286156,0.9329220759862081,0.9603523546938264,0.9444221669628173,0.9423160795609488,0.9434306440264832,0.009365522277682878,29
